path,label,class_name,folder
data/Safe/int_video1_frame000302.jpg,0,Safe,Safe
data/High/83c0d149-a47e6d00.jpg,2,High Risk,High
data/Safe/int_video2_frame000054.jpg,0,Safe,Safe
data/High/c3fcfa68-43c4f28f.jpg,2,High Risk,High
data/High/yt_video1_frame000151.jpg,2,High Risk,High
data/High/custom_moderate_city_traffic_0136.jpg,2,High Risk,High
data/High/0013321_image.jpg,2,High Risk,High
data/High/075a4b25-bbe29ca1.jpg,2,High Risk,High
data/Safe/int_video3_frame005503.jpg,0,Safe,Safe
data/High/yt_video1_frame004031.jpg,2,High Risk,High
data/High/yt_video1_frame000099.jpg,2,High Risk,High
data/High/6a101856-0b8d4615.jpg,2,High Risk,High
data/Moderate/0b0e1eb1-399a3892.jpg,1,Moderate Risk,Moderate
data/High/yt_video1_frame002342.jpg,2,High Risk,High
data/High/yt_video1_frame002735.jpg,2,High Risk,High
data/High/yt_video1_frame000635.jpg,2,High Risk,High
data/High/yt_video3_frame003039.jpg,2,High Risk,High
data/Safe/int_video2_frame000613.jpg,0,Safe,Safe
data/High/6aa84d01-d017407b.jpg,2,High Risk,High
data/High/yt_video1_frame000935.jpg,2,High Risk,High
data/High/yt_video3_frame011378.jpg,2,High Risk,High
data/High/custom_high_risk_rain_0016.jpg,2,High Risk,High
data/Safe/yt_video3_frame006312.jpg,0,Safe,Safe
data/High/400103_inst_label.png,2,High Risk,High
data/High/bb0ea699-3d008331.jpg,2,High Risk,High
data/Safe/int_video3_frame002073.jpg,0,Safe,Safe
data/Moderate/yt_video3_frame000690.jpg,1,Moderate Risk,Moderate
data/High/1c227a12-ec67af93.jpg,2,High Risk,High
data/High/yt_video1_frame004079.jpg,2,High Risk,High
data/Safe/int_video2_frame000579.jpg,0,Safe,Safe
data/High/yt_video3_frame011639.jpg,2,High Risk,High
data/High/frame19658_inst_label.png,2,High Risk,High
data/Safe/int_video1_frame000359.jpg,0,Safe,Safe
data/High/8893e4e4-bcd97668.jpg,2,High Risk,High
data/Safe/int_video1_frame000003.jpg,0,Safe,Safe
data/High/custom_high_risk_rain_0058.jpg,2,High Risk,High
data/High/frame26162_inst_label.png,2,High Risk,High
data/High/c152d738-646ba59f.jpg,2,High Risk,High
data/Safe/int_video1_frame000019.jpg,0,Safe,Safe
data/High/0003365_inst_label.png,2,High Risk,High
data/Safe/yt_video2_frame001196.jpg,0,Safe,Safe
data/High/bbb1289a-b49fe5de.jpg,2,High Risk,High
data/Moderate/92353db9-6d934e53.jpg,1,Moderate Risk,Moderate
data/High/6a6df520-5dfdf499.jpg,2,High Risk,High
data/High/2c919e7c-264e0dd0.jpg,2,High Risk,High
data/High/318b4af7-56f6e1a5.jpg,2,High Risk,High
data/Moderate/frame45253_image.jpg,1,Moderate Risk,Moderate
data/High/5979f62d-9901d804.jpg,2,High Risk,High
data/Safe/int_video2_frame000561.jpg,0,Safe,Safe
data/High/0006628_inst_label.png,2,High Risk,High
data/High/4f5ac528-c39979ae.jpg,2,High Risk,High
data/High/yt_video3_frame000508.jpg,2,High Risk,High
data/Safe/yt_video1_frame002122.jpg,0,Safe,Safe
data/High/906946_image.jpg,2,High Risk,High
data/High/00322f82-286ab9b3.jpg,2,High Risk,High
data/High/326186_image.jpg,2,High Risk,High
data/Safe/int_video2_frame000605.jpg,0,Safe,Safe
data/High/int_video3_frame001157.jpg,2,High Risk,High
data/High/yt_video1_frame000394.jpg,2,High Risk,High
data/Safe/int_video1_frame000127.jpg,0,Safe,Safe
data/High/yt_video3_frame002839.jpg,2,High Risk,High
data/Safe/int_video3_frame004638.jpg,0,Safe,Safe
data/Safe/638763_image.jpg,0,Safe,Safe
data/High/812467_image.jpg,2,High Risk,High
data/High/adc75116-a21302ef.jpg,2,High Risk,High
data/High/int_video3_frame004403.jpg,2,High Risk,High
data/High/yt_video1_frame000756.jpg,2,High Risk,High
data/Safe/1cbd71fe-6940137c.jpg,0,Safe,Safe
data/High/0004045_label.png,2,High Risk,High
data/High/674919_inst_label.png,2,High Risk,High
data/High/3c92ca0c-54d0a402.jpg,2,High Risk,High
data/High/6d7da33d-f5c6b1a4.jpg,2,High Risk,High
data/High/custom_high_risk_rain_0066.jpg,2,High Risk,High
data/High/yt_video2_frame002491.jpg,2,High Risk,High
data/High/7fc97f72-db461629.jpg,2,High Risk,High
data/Safe/int_video2_frame000548.jpg,0,Safe,Safe
data/Safe/int_video2_frame000598.jpg,0,Safe,Safe
data/Safe/yt_video1_frame002528.jpg,0,Safe,Safe
data/High/yt_video3_frame013542.jpg,2,High Risk,High
data/Moderate/yt_video2_frame003109.jpg,1,Moderate Risk,Moderate
data/Safe/int_video2_frame000609.jpg,0,Safe,Safe
data/High/a54c6d9c-4d9eaaea.jpg,2,High Risk,High
data/High/yt_video3_frame003117.jpg,2,High Risk,High
data/High/0000450_label.png,2,High Risk,High
data/Safe/custom_safe_highway_0074.jpg,0,Safe,Safe
data/High/custom_safe_highway_0009.jpg,2,High Risk,High
data/High/yt_video1_frame001330.jpg,2,High Risk,High
data/High/yt_video3_frame011963.jpg,2,High Risk,High
data/High/custom_moderate_city_traffic_0124.jpg,2,High Risk,High
data/High/yt_video1_frame002351.jpg,2,High Risk,High
data/Safe/int_video1_frame000128.jpg,0,Safe,Safe
data/High/yt_video2_frame000668.jpg,2,High Risk,High
data/High/yt_video3_frame008022.jpg,2,High Risk,High
data/High/yt_video3_frame002804.jpg,2,High Risk,High
data/High/b888e048-80f768fc.jpg,2,High Risk,High
data/High/yt_video2_frame003858.jpg,2,High Risk,High
data/High/frame0260_inst_label.png,2,High Risk,High
data/Safe/int_video3_frame000745.jpg,0,Safe,Safe
data/High/012790_inst_label.png,2,High Risk,High
data/Safe/46dd9b4b-ce0273c5.jpg,0,Safe,Safe
data/High/int_video3_frame001219.jpg,2,High Risk,High
data/Safe/yt_video2_frame001151.jpg,0,Safe,Safe
data/Moderate/frame16617_image.jpg,1,Moderate Risk,Moderate
data/Safe/int_video1_frame000498.jpg,0,Safe,Safe
data/High/bc05c126-d00aeb9c.jpg,2,High Risk,High
data/High/yt_video3_frame003754.jpg,2,High Risk,High
data/High/yt_video3_frame002813.jpg,2,High Risk,High
data/High/056653_inst_label.png,2,High Risk,High
data/High/8275b707-acd15dff.jpg,2,High Risk,High
data/Safe/int_video1_frame000364.jpg,0,Safe,Safe
data/High/186cfc4e-0447250e.jpg,2,High Risk,High
data/Safe/int_video1_frame000399.jpg,0,Safe,Safe
data/High/int_video3_frame003714.jpg,2,High Risk,High
data/High/1d5df664-41480e86.jpg,2,High Risk,High
data/Safe/int_video1_frame000187.jpg,0,Safe,Safe
data/High/yt_video3_frame011075.jpg,2,High Risk,High
data/Safe/int_video2_frame000575.jpg,0,Safe,Safe
data/Safe/int_video1_frame000230.jpg,0,Safe,Safe
data/High/661385f5-a1c4ad00.jpg,2,High Risk,High
data/Safe/int_video1_frame000527.jpg,0,Safe,Safe
data/Moderate/yt_video2_frame000338.jpg,1,Moderate Risk,Moderate
data/High/yt_video3_frame008909.jpg,2,High Risk,High
data/Safe/frame16126_image.jpg,0,Safe,Safe
data/Safe/int_video1_frame000170.jpg,0,Safe,Safe
data/High/custom_high_risk_rain_0141.jpg,2,High Risk,High
data/High/b094efee-8aa80557.jpg,2,High Risk,High
data/High/yt_video2_frame003418.jpg,2,High Risk,High
data/High/yt_video3_frame005845.jpg,2,High Risk,High
data/Safe/int_video2_frame000370.jpg,0,Safe,Safe
data/High/yt_video2_frame001498.jpg,2,High Risk,High
data/High/frame11395_label.png,2,High Risk,High
data/High/3633f8df-ad70f891.jpg,2,High Risk,High
data/High/yt_video3_frame007332.jpg,2,High Risk,High
data/Safe/int_video3_frame004192.jpg,0,Safe,Safe
data/High/4e5f2571-da07b34f.jpg,2,High Risk,High
data/High/b1641638-f950af77.jpg,2,High Risk,High
data/Safe/int_video2_frame000063.jpg,0,Safe,Safe
data/Safe/int_video2_frame000391.jpg,0,Safe,Safe
data/High/yt_video2_frame003373.jpg,2,High Risk,High
data/Safe/806657_image.jpg,0,Safe,Safe
data/High/88a0d584-442af001.jpg,2,High Risk,High
data/Safe/int_video1_frame000401.jpg,0,Safe,Safe
data/Moderate/custom_high_risk_rain_0112.jpg,1,Moderate Risk,Moderate
data/High/0d2d0af8-19a7a53e.jpg,2,High Risk,High
data/Safe/int_video1_frame000533.jpg,0,Safe,Safe
data/High/69bd9c64-2c29f777.jpg,2,High Risk,High
data/High/yt_video1_frame001573.jpg,2,High Risk,High
data/High/1d288c57-7db44b8f.jpg,2,High Risk,High
data/Safe/yt_video2_frame004472.jpg,0,Safe,Safe
data/High/custom_safe_highway_0028.jpg,2,High Risk,High
data/High/yt_video1_frame001912.jpg,2,High Risk,High
data/High/33bf8eb2-72cccbaf.jpg,2,High Risk,High
data/Safe/int_video1_frame000473.jpg,0,Safe,Safe
data/Safe/int_video2_frame000443.jpg,0,Safe,Safe
data/High/int_video3_frame003551.jpg,2,High Risk,High
data/Safe/int_video3_frame002060.jpg,0,Safe,Safe
data/High/frame1952_inst_label.png,2,High Risk,High
data/High/yt_video3_frame009635.jpg,2,High Risk,High
data/Safe/int_video1_frame000575.jpg,0,Safe,Safe
data/High/yt_video2_frame000786.jpg,2,High Risk,High
data/High/yt_video2_frame003125.jpg,2,High Risk,High
data/Safe/int_video1_frame000055.jpg,0,Safe,Safe
data/Safe/int_video1_frame000253.jpg,0,Safe,Safe
data/Safe/int_video1_frame000085.jpg,0,Safe,Safe
data/Safe/yt_video2_frame004458.jpg,0,Safe,Safe
data/High/752501_label.png,2,High Risk,High
data/High/yt_video2_frame000128.jpg,2,High Risk,High
data/High/frame20380_inst_label.png,2,High Risk,High
data/Safe/3e5d1ff4-84c55d86.jpg,0,Safe,Safe
data/High/custom_safe_highway_0055.jpg,2,High Risk,High
data/Safe/int_video1_frame000565.jpg,0,Safe,Safe
data/High/98de67f4-333f2136.jpg,2,High Risk,High
data/Safe/frame27880_image.jpg,0,Safe,Safe
data/High/yt_video1_frame003665.jpg,2,High Risk,High
data/Safe/int_video2_frame000119.jpg,0,Safe,Safe
data/Safe/yt_video1_frame001157.jpg,0,Safe,Safe
data/High/yt_video2_frame003893.jpg,2,High Risk,High
data/High/yt_video3_frame009931.jpg,2,High Risk,High
data/Safe/int_video2_frame000606.jpg,0,Safe,Safe
data/Safe/312f26d9-0786f8e6.jpg,0,Safe,Safe
data/High/0022565_inst_label.png,2,High Risk,High
data/High/yt_video1_frame003681.jpg,2,High Risk,High
data/High/yt_video1_frame003071.jpg,2,High Risk,High
data/High/0026606_image.jpg,2,High Risk,High
data/High/81ecf2cd-8edbd4ba.jpg,2,High Risk,High
data/High/511c695f-ce03e71d.jpg,2,High Risk,High
data/High/frame3655_image.jpg,2,High Risk,High
data/High/yt_video2_frame003482.jpg,2,High Risk,High
data/High/yt_video3_frame000893.jpg,2,High Risk,High
data/High/420f02b0-dd36365a.jpg,2,High Risk,High
data/High/yt_video1_frame001707.jpg,2,High Risk,High
data/Safe/int_video1_frame000430.jpg,0,Safe,Safe
data/Safe/int_video2_frame000258.jpg,0,Safe,Safe
data/Safe/int_video2_frame000219.jpg,0,Safe,Safe
data/High/9f03b9b1-1feb165f.jpg,2,High Risk,High
data/High/yt_video2_frame000968.jpg,2,High Risk,High
data/High/yt_video3_frame013850.jpg,2,High Risk,High
data/High/yt_video1_frame000378.jpg,2,High Risk,High
data/High/5af486fe-3d4e3e16.jpg,2,High Risk,High
data/High/539257_image.jpg,2,High Risk,High
data/Safe/int_video3_frame004221.jpg,0,Safe,Safe
data/High/yt_video1_frame000288.jpg,2,High Risk,High
data/High/custom_moderate_city_traffic_0070.jpg,2,High Risk,High
data/High/frame20380_label.png,2,High Risk,High
data/Safe/int_video1_frame000134.jpg,0,Safe,Safe
data/High/yt_video3_frame012155.jpg,2,High Risk,High
data/High/yt_video2_frame003294.jpg,2,High Risk,High
data/High/a0e56e66-3f482095.jpg,2,High Risk,High
data/High/yt_video2_frame000313.jpg,2,High Risk,High
data/High/9afd7f8d-84c50434.jpg,2,High Risk,High
data/High/0000002_inst_label.png,2,High Risk,High
data/High/180e2832-41216079.jpg,2,High Risk,High
data/Safe/int_video1_frame000463.jpg,0,Safe,Safe
data/Safe/int_video2_frame000530.jpg,0,Safe,Safe
data/High/frame10071_image.jpg,2,High Risk,High
data/Safe/custom_moderate_city_traffic_0115.jpg,0,Safe,Safe
data/High/aed3ba35-aace0dc9.jpg,2,High Risk,High
data/Moderate/1373663f-b5d225d6.jpg,1,Moderate Risk,Moderate
data/High/6726d195-ff8a4c12.jpg,2,High Risk,High
data/Safe/int_video2_frame000422.jpg,0,Safe,Safe
data/High/frame45453_inst_label.png,2,High Risk,High
data/Safe/int_video2_frame000464.jpg,0,Safe,Safe
data/High/27b4ec10-92442133.jpg,2,High Risk,High
data/High/yt_video1_frame002794.jpg,2,High Risk,High
data/Safe/int_video1_frame000255.jpg,0,Safe,Safe
data/High/7740055f-426699a8.jpg,2,High Risk,High
data/Safe/frame57935_image.jpg,0,Safe,Safe
data/High/yt_video1_frame002051.jpg,2,High Risk,High
data/Safe/int_video2_frame000005.jpg,0,Safe,Safe
data/High/0020428_image.jpg,2,High Risk,High
data/High/yt_video1_frame002001.jpg,2,High Risk,High
data/High/9b1d552b-29bbceb8.jpg,2,High Risk,High
data/Safe/int_video2_frame000196.jpg,0,Safe,Safe
data/High/33b122e9-4d7c3abb.jpg,2,High Risk,High
data/Safe/int_video1_frame000342.jpg,0,Safe,Safe
data/Safe/yt_video1_frame002230.jpg,0,Safe,Safe
data/Safe/frame14140_image.jpg,0,Safe,Safe
data/High/7959be8f-373079a9.jpg,2,High Risk,High
data/High/frame0008_inst_label.png,2,High Risk,High
data/Moderate/custom_moderate_city_traffic_0012.jpg,1,Moderate Risk,Moderate
data/Safe/int_video1_frame000354.jpg,0,Safe,Safe
data/High/544c166d-292d75f3.jpg,2,High Risk,High
data/High/yt_video1_frame001946.jpg,2,High Risk,High
data/Safe/int_video2_frame000327.jpg,0,Safe,Safe
data/High/7c7ddf9c-2d364696.jpg,2,High Risk,High
data/High/371008_image.jpg,2,High Risk,High
data/Safe/int_video3_frame004301.jpg,0,Safe,Safe
data/High/yt_video3_frame000175.jpg,2,High Risk,High
data/Moderate/99babcd0-6e9ab622.jpg,1,Moderate Risk,Moderate
data/Safe/int_video1_frame000608.jpg,0,Safe,Safe
data/Safe/custom_high_risk_rain_0111.jpg,0,Safe,Safe
data/High/b4a8ec73-70456cee.jpg,2,High Risk,High
data/High/yt_video3_frame001322.jpg,2,High Risk,High
data/High/3a7aa608-379d5a7f.jpg,2,High Risk,High
data/High/5db183a7-ce9f5246.jpg,2,High Risk,High
data/Moderate/yt_video1_frame002170.jpg,1,Moderate Risk,Moderate
data/High/943772_image.jpg,2,High Risk,High
data/High/026464_inst_label.png,2,High Risk,High
data/High/003661_label.png,2,High Risk,High
data/Safe/int_video2_frame000199.jpg,0,Safe,Safe
data/High/0020590_image.jpg,2,High Risk,High
data/High/yt_video2_frame004145.jpg,2,High Risk,High
data/High/yt_video1_frame000537.jpg,2,High Risk,High
data/High/2313cfa7-6a9c86ea.jpg,2,High Risk,High
data/High/yt_video2_frame000938.jpg,2,High Risk,High
data/Safe/int_video1_frame000415.jpg,0,Safe,Safe
data/Safe/yt_video2_frame001433.jpg,0,Safe,Safe
data/High/yt_video1_frame002326.jpg,2,High Risk,High
data/Moderate/yt_video2_frame002045.jpg,1,Moderate Risk,Moderate
data/Safe/int_video3_frame001113.jpg,0,Safe,Safe
data/High/yt_video1_frame003340.jpg,2,High Risk,High
data/Safe/yt_video2_frame001711.jpg,0,Safe,Safe
data/High/57ca08aa-daad3570.jpg,2,High Risk,High
data/High/yt_video1_frame001419.jpg,2,High Risk,High
data/High/0000822_image.jpg,2,High Risk,High
data/Safe/6c15f3f0-740da3d1.jpg,0,Safe,Safe
data/Safe/int_video1_frame000204.jpg,0,Safe,Safe
data/High/yt_video3_frame010059.jpg,2,High Risk,High
data/High/custom_high_risk_rain_0080.jpg,2,High Risk,High
data/Safe/int_video1_frame000031.jpg,0,Safe,Safe
data/High/yt_video2_frame003842.jpg,2,High Risk,High
data/High/yt_video3_frame003900.jpg,2,High Risk,High
data/High/yt_video3_frame007797.jpg,2,High Risk,High
data/High/yt_video1_frame001082.jpg,2,High Risk,High
data/Safe/int_video3_frame002490.jpg,0,Safe,Safe
data/Safe/int_video1_frame000352.jpg,0,Safe,Safe
data/Moderate/a87d6c9b-8a0330a0.jpg,1,Moderate Risk,Moderate
data/High/5eb1289d-bebbbc0e.jpg,2,High Risk,High
data/High/frame73453_inst_label.png,2,High Risk,High
data/High/custom_moderate_city_traffic_0138.jpg,2,High Risk,High
data/Safe/custom_moderate_city_traffic_0002.jpg,0,Safe,Safe
data/High/frame14638_label.png,2,High Risk,High
data/High/yt_video1_frame000600.jpg,2,High Risk,High
data/High/custom_high_risk_rain_0017.jpg,2,High Risk,High
data/High/001984_inst_label.png,2,High Risk,High
data/High/26ce6f0d-142c4303.jpg,2,High Risk,High
data/High/98bc694b-5f85a45c.jpg,2,High Risk,High
data/High/yt_video3_frame007370.jpg,2,High Risk,High
data/Safe/int_video1_frame000613.jpg,0,Safe,Safe
data/High/97f5b4ae-9a1ac01a.jpg,2,High Risk,High
data/Safe/int_video1_frame000131.jpg,0,Safe,Safe
data/Safe/int_video3_frame002106.jpg,0,Safe,Safe
data/High/yt_video1_frame004363.jpg,2,High Risk,High
data/Moderate/21ae72a5-3096b088.jpg,1,Moderate Risk,Moderate
data/Safe/custom_moderate_city_traffic_0164.jpg,0,Safe,Safe
data/High/yt_video3_frame005783.jpg,2,High Risk,High
data/High/yt_video2_frame000997.jpg,2,High Risk,High
data/High/943609_image.jpg,2,High Risk,High
data/Safe/int_video2_frame000299.jpg,0,Safe,Safe
data/Moderate/2bdc0700-63fbb2c5.jpg,1,Moderate Risk,Moderate
data/High/custom_moderate_city_traffic_0129.jpg,2,High Risk,High
data/High/frame19935_inst_label.png,2,High Risk,High
data/Safe/int_video1_frame000243.jpg,0,Safe,Safe
data/High/yt_video3_frame005843.jpg,2,High Risk,High
data/High/yt_video3_frame009308.jpg,2,High Risk,High
data/Moderate/yt_video1_frame003709.jpg,1,Moderate Risk,Moderate
data/High/yt_video3_frame009398.jpg,2,High Risk,High
data/High/2688b1d9-f3dfd7aa.jpg,2,High Risk,High
data/Safe/int_video1_frame000468.jpg,0,Safe,Safe
data/Safe/int_video2_frame000390.jpg,0,Safe,Safe
data/Safe/int_video3_frame000827.jpg,0,Safe,Safe
data/High/064400_inst_label.png,2,High Risk,High
data/High/yt_video3_frame003677.jpg,2,High Risk,High
data/High/yt_video1_frame003476.jpg,2,High Risk,High
data/Safe/295007d8-975ea171.jpg,0,Safe,Safe
data/Safe/int_video3_frame001253.jpg,0,Safe,Safe
data/Safe/int_video1_frame000023.jpg,0,Safe,Safe
data/High/83879b56-11cedb19.jpg,2,High Risk,High
data/High/yt_video1_frame003923.jpg,2,High Risk,High
data/Safe/int_video2_frame000386.jpg,0,Safe,Safe
data/High/yt_video2_frame003915.jpg,2,High Risk,High
data/Safe/custom_moderate_city_traffic_0033.jpg,0,Safe,Safe
data/High/b3121071-b9d7694a.jpg,2,High Risk,High
data/High/a4e97254-dd5a45b5.jpg,2,High Risk,High
data/High/0011352_image.jpg,2,High Risk,High
data/High/0015441_inst_label.png,2,High Risk,High
data/Moderate/custom_high_risk_rain_0133.jpg,1,Moderate Risk,Moderate
data/High/176225_image.jpg,2,High Risk,High
data/High/850b7c68-e8e4510d.jpg,2,High Risk,High
data/High/yt_video2_frame004111.jpg,2,High Risk,High
data/Safe/yt_video2_frame004506.jpg,0,Safe,Safe
data/High/custom_moderate_city_traffic_0071.jpg,2,High Risk,High
data/Safe/int_video2_frame000570.jpg,0,Safe,Safe
data/Safe/int_video1_frame000279.jpg,0,Safe,Safe
data/Safe/int_video3_frame004469.jpg,0,Safe,Safe
data/Safe/yt_video1_frame002226.jpg,0,Safe,Safe
data/Safe/int_video1_frame000236.jpg,0,Safe,Safe
data/High/yt_video1_frame002644.jpg,2,High Risk,High
data/High/frame4849_image.jpg,2,High Risk,High
data/High/8357e8a5-72800a20.jpg,2,High Risk,High
data/Safe/int_video3_frame005543.jpg,0,Safe,Safe
data/High/0021314_image.jpg,2,High Risk,High
data/High/yt_video2_frame003458.jpg,2,High Risk,High
data/High/yt_video3_frame010468.jpg,2,High Risk,High
data/High/yt_video2_frame004049.jpg,2,High Risk,High
data/Safe/int_video2_frame000647.jpg,0,Safe,Safe
data/Safe/int_video1_frame000495.jpg,0,Safe,Safe
data/Safe/int_video1_frame000339.jpg,0,Safe,Safe
data/Safe/yt_video2_frame003061.jpg,0,Safe,Safe
data/High/5ed3ddb0-0ca7df1f.jpg,2,High Risk,High
data/High/yt_video3_frame010574.jpg,2,High Risk,High
data/High/custom_moderate_city_traffic_0128.jpg,2,High Risk,High
data/High/88404f30-49bb9c12.jpg,2,High Risk,High
data/High/int_video3_frame003600.jpg,2,High Risk,High
data/High/custom_high_risk_rain_0026.jpg,2,High Risk,High
data/High/yt_video2_frame001304.jpg,2,High Risk,High
data/High/6c61662b-14d57fe7.jpg,2,High Risk,High
data/Safe/int_video3_frame004675.jpg,0,Safe,Safe
data/High/751de72a-f480632e.jpg,2,High Risk,High
data/High/1f9c804c-af942d4b.jpg,2,High Risk,High
data/Safe/int_video3_frame004528.jpg,0,Safe,Safe
data/Safe/int_video1_frame000263.jpg,0,Safe,Safe
data/Safe/int_video2_frame000084.jpg,0,Safe,Safe
data/Safe/int_video2_frame000563.jpg,0,Safe,Safe
data/High/custom_safe_highway_0146.jpg,2,High Risk,High
data/High/yt_video2_frame003420.jpg,2,High Risk,High
data/High/23791456-b4190ecc.jpg,2,High Risk,High
data/Safe/int_video1_frame000350.jpg,0,Safe,Safe
data/High/yt_video3_frame009628.jpg,2,High Risk,High
data/High/yt_video3_frame006089.jpg,2,High Risk,High
data/High/ad0a8cc7-c3c77b34.jpg,2,High Risk,High
data/High/yt_video2_frame000587.jpg,2,High Risk,High
data/High/custom_high_risk_rain_0074.jpg,2,High Risk,High
data/High/51ac0134-d8d3725d.jpg,2,High Risk,High
data/Safe/custom_safe_highway_0141.jpg,0,Safe,Safe
data/Safe/int_video3_frame003011.jpg,0,Safe,Safe
data/Safe/custom_safe_highway_0066.jpg,0,Safe,Safe
data/Safe/int_video3_frame005515.jpg,0,Safe,Safe
data/High/01dad8ea-c6deb141.jpg,2,High Risk,High
data/Safe/int_video3_frame004937.jpg,0,Safe,Safe
data/High/custom_high_risk_rain_0067.jpg,2,High Risk,High
data/High/3675ba80-686a4a62.jpg,2,High Risk,High
data/Safe/int_video2_frame000174.jpg,0,Safe,Safe
data/High/yt_video1_frame001355.jpg,2,High Risk,High
data/Safe/yt_video3_frame001005.jpg,0,Safe,Safe
data/Safe/int_video2_frame000165.jpg,0,Safe,Safe
data/High/1458e4ad-24fdf5c9.jpg,2,High Risk,High
data/High/yt_video2_frame004270.jpg,2,High Risk,High
data/High/4e0661c5-8fdd2f10.jpg,2,High Risk,High
data/High/810276_image.jpg,2,High Risk,High
data/High/35e4494c-400a51c6.jpg,2,High Risk,High
data/High/yt_video2_frame003277.jpg,2,High Risk,High
data/High/yt_video3_frame009383.jpg,2,High Risk,High
data/High/yt_video3_frame007378.jpg,2,High Risk,High
data/High/a7c475da-15f27a8e.jpg,2,High Risk,High
data/High/yt_video1_frame000907.jpg,2,High Risk,High
data/High/yt_video1_frame002737.jpg,2,High Risk,High
data/High/019930_image.jpg,2,High Risk,High
data/Safe/yt_video2_frame004213.jpg,0,Safe,Safe
data/High/yt_video3_frame004924.jpg,2,High Risk,High
data/High/4bcaa02b-339b3d06.jpg,2,High Risk,High
data/High/yt_video3_frame008495.jpg,2,High Risk,High
data/High/52e5b1aa-75c8ff70.jpg,2,High Risk,High
data/High/frame18954_image.jpg,2,High Risk,High
data/High/835381_label.png,2,High Risk,High
data/Safe/int_video3_frame004724.jpg,0,Safe,Safe
data/Safe/yt_video2_frame002192.jpg,0,Safe,Safe
data/High/0a70b8c5-2006d229.jpg,2,High Risk,High
data/High/024541_inst_label.png,2,High Risk,High
data/Safe/custom_safe_highway_0063.jpg,0,Safe,Safe
data/Safe/871675_image.jpg,0,Safe,Safe
data/Safe/542602_image.jpg,0,Safe,Safe
data/High/0d5cc7fb-45e17cc3.jpg,2,High Risk,High
data/High/778f9c5e-08dcbe84.jpg,2,High Risk,High
data/High/a6eaf005-5b32fafb.jpg,2,High Risk,High
data/High/yt_video1_frame003423.jpg,2,High Risk,High
data/Safe/int_video3_frame004502.jpg,0,Safe,Safe
data/Safe/custom_high_risk_rain_0122.jpg,0,Safe,Safe
data/High/yt_video1_frame004358.jpg,2,High Risk,High
data/High/frame4424_image.jpg,2,High Risk,High
data/Safe/int_video1_frame000390.jpg,0,Safe,Safe
data/Safe/int_video1_frame000188.jpg,0,Safe,Safe
data/High/yt_video1_frame000391.jpg,2,High Risk,High
data/Safe/yt_video1_frame002137.jpg,0,Safe,Safe
data/Safe/int_video1_frame000015.jpg,0,Safe,Safe
data/High/int_video3_frame005600.jpg,2,High Risk,High
data/High/yt_video1_frame000780.jpg,2,High Risk,High
data/High/yt_video2_frame002442.jpg,2,High Risk,High
data/Safe/int_video2_frame000106.jpg,0,Safe,Safe
data/High/frame18954_inst_label.png,2,High Risk,High
data/High/yt_video3_frame012888.jpg,2,High Risk,High
data/Safe/int_video1_frame000032.jpg,0,Safe,Safe
data/Safe/frame80453_image.jpg,0,Safe,Safe
data/Safe/411406_image.jpg,0,Safe,Safe
data/Safe/int_video2_frame000147.jpg,0,Safe,Safe
data/High/yt_video2_frame000805.jpg,2,High Risk,High
data/High/425535_label.png,2,High Risk,High
data/High/yt_video3_frame007138.jpg,2,High Risk,High
data/Moderate/yt_video1_frame002069.jpg,1,Moderate Risk,Moderate
data/Safe/int_video3_frame004815.jpg,0,Safe,Safe
data/High/custom_safe_highway_0077.jpg,2,High Risk,High
data/Safe/int_video3_frame004259.jpg,0,Safe,Safe
data/High/0ba01bd3-19727e8b.jpg,2,High Risk,High
data/Safe/int_video1_frame000453.jpg,0,Safe,Safe
data/High/yt_video1_frame000186.jpg,2,High Risk,High
data/Safe/int_video1_frame000175.jpg,0,Safe,Safe
data/High/frame2015_image.jpg,2,High Risk,High
data/High/yt_video2_frame000628.jpg,2,High Risk,High
data/High/yt_video3_frame008767.jpg,2,High Risk,High
data/High/custom_high_risk_rain_0040.jpg,2,High Risk,High
data/Safe/custom_safe_highway_0022.jpg,0,Safe,Safe
data/High/yt_video3_frame013765.jpg,2,High Risk,High
data/Safe/int_video3_frame000190.jpg,0,Safe,Safe
data/High/024541_label.png,2,High Risk,High
data/High/custom_moderate_city_traffic_0112.jpg,2,High Risk,High
data/High/yt_video2_frame002400.jpg,2,High Risk,High
data/High/custom_high_risk_rain_0043.jpg,2,High Risk,High
data/Safe/custom_safe_highway_0097.jpg,0,Safe,Safe
data/Safe/int_video3_frame004527.jpg,0,Safe,Safe
data/High/4603a749-733a74e4.jpg,2,High Risk,High
data/High/6b72531a-4be6af36.jpg,2,High Risk,High
data/High/yt_video1_frame001306.jpg,2,High Risk,High
data/High/yt_video1_frame000955.jpg,2,High Risk,High
data/High/58cd0eb5-17cf27b4.jpg,2,High Risk,High
data/High/custom_high_risk_rain_0092.jpg,2,High Risk,High
data/High/int_video3_frame004111.jpg,2,High Risk,High
data/High/yt_video3_frame011850.jpg,2,High Risk,High
data/Safe/yt_video2_frame002584.jpg,0,Safe,Safe
data/High/yt_video3_frame008096.jpg,2,High Risk,High
data/Safe/int_video1_frame000179.jpg,0,Safe,Safe
data/High/8c094885-9111df3c.jpg,2,High Risk,High
data/High/22b30458-4682c6df.jpg,2,High Risk,High
data/High/int_video3_frame002913.jpg,2,High Risk,High
data/High/3b146563-ee5e9e0d.jpg,2,High Risk,High
data/High/9aefbd42-58d9339a.jpg,2,High Risk,High
data/Safe/int_video1_frame000205.jpg,0,Safe,Safe
data/High/yt_video1_frame002179.jpg,2,High Risk,High
data/High/frame8729_label.png,2,High Risk,High
data/Moderate/int_video3_frame004357.jpg,1,Moderate Risk,Moderate
data/Safe/int_video2_frame000666.jpg,0,Safe,Safe
data/High/594679_image.jpg,2,High Risk,High
data/High/yt_video2_frame004229.jpg,2,High Risk,High
data/High/yt_video3_frame008834.jpg,2,High Risk,High
data/High/138263_inst_label.png,2,High Risk,High
data/Safe/int_video1_frame000024.jpg,0,Safe,Safe
data/High/837c8cb0-917f89ce.jpg,2,High Risk,High
data/High/6760ffa3-172b4b30.jpg,2,High Risk,High
data/High/yt_video3_frame002228.jpg,2,High Risk,High
data/High/yt_video3_frame005990.jpg,2,High Risk,High
data/High/0016194_image.jpg,2,High Risk,High
data/High/custom_high_risk_rain_0033.jpg,2,High Risk,High
data/Safe/int_video3_frame004967.jpg,0,Safe,Safe
data/High/yt_video3_frame009352.jpg,2,High Risk,High
data/Safe/int_video1_frame000007.jpg,0,Safe,Safe
data/High/211213_inst_label.png,2,High Risk,High
data/Moderate/97d88499-344c185b.jpg,1,Moderate Risk,Moderate
data/Safe/yt_video2_frame001863.jpg,0,Safe,Safe
data/High/52572170-14e8a244.jpg,2,High Risk,High
data/Safe/int_video1_frame000087.jpg,0,Safe,Safe
data/Safe/int_video1_frame000420.jpg,0,Safe,Safe
data/Safe/yt_video3_frame000703.jpg,0,Safe,Safe
data/High/yt_video1_frame002885.jpg,2,High Risk,High
data/High/af9e76ff-0a43fc69.jpg,2,High Risk,High
data/Safe/custom_safe_highway_0017.jpg,0,Safe,Safe
data/Moderate/yt_video2_frame002626.jpg,1,Moderate Risk,Moderate
data/High/yt_video2_frame003472.jpg,2,High Risk,High
data/High/yt_video3_frame004018.jpg,2,High Risk,High
data/Safe/b18b7f33-daeaeb20.jpg,0,Safe,Safe
data/High/0004023_inst_label.png,2,High Risk,High
data/Safe/int_video1_frame000358.jpg,0,Safe,Safe
data/Safe/int_video2_frame000218.jpg,0,Safe,Safe
data/High/int_video3_frame000142.jpg,2,High Risk,High
data/Safe/85dae8ee-4ccbb3d0.jpg,0,Safe,Safe
data/Safe/yt_video2_frame001701.jpg,0,Safe,Safe
data/Safe/int_video2_frame000534.jpg,0,Safe,Safe
data/High/42049d06-a16fddd6.jpg,2,High Risk,High
data/High/yt_video3_frame009480.jpg,2,High Risk,High
data/Moderate/yt_video1_frame000275.jpg,1,Moderate Risk,Moderate
data/Safe/int_video3_frame004540.jpg,0,Safe,Safe
data/High/a32543af-6bf413c6.jpg,2,High Risk,High
data/High/frame16210_label.png,2,High Risk,High
data/High/yt_video2_frame003746.jpg,2,High Risk,High
data/High/0209c510-5ef87f7a.jpg,2,High Risk,High
data/High/yt_video2_frame003122.jpg,2,High Risk,High
data/High/yt_video3_frame012054.jpg,2,High Risk,High
data/High/custom_moderate_city_traffic_0013.jpg,2,High Risk,High
data/Safe/int_video2_frame000345.jpg,0,Safe,Safe
data/High/074496ba-42552499.jpg,2,High Risk,High
data/Safe/int_video1_frame000231.jpg,0,Safe,Safe
data/High/1d288c57-7852537a.jpg,2,High Risk,High
data/High/yt_video2_frame000005.jpg,2,High Risk,High
data/High/frame3838_label.png,2,High Risk,High
data/High/custom_moderate_city_traffic_0120.jpg,2,High Risk,High
data/High/yt_video2_frame003463.jpg,2,High Risk,High
data/Safe/int_video2_frame000308.jpg,0,Safe,Safe
data/High/yt_video1_frame001321.jpg,2,High Risk,High
data/Safe/int_video3_frame005182.jpg,0,Safe,Safe
data/Safe/c837d2ef-25f73789.jpg,0,Safe,Safe
data/Safe/int_video3_frame004464.jpg,0,Safe,Safe
data/Safe/int_video2_frame000205.jpg,0,Safe,Safe
data/High/frame11395_image.jpg,2,High Risk,High
data/High/custom_safe_highway_0054.jpg,2,High Risk,High
data/High/yt_video3_frame013555.jpg,2,High Risk,High
data/High/yt_video1_frame001585.jpg,2,High Risk,High
data/High/yt_video3_frame004524.jpg,2,High Risk,High
data/Safe/int_video2_frame000250.jpg,0,Safe,Safe
data/High/15eb3650-6c2c5963.jpg,2,High Risk,High
data/High/0000002_label.png,2,High Risk,High
data/High/888262_image.jpg,2,High Risk,High
data/High/1806f3d7-8cd49589.jpg,2,High Risk,High
data/High/yt_video3_frame013849.jpg,2,High Risk,High
data/High/yt_video3_frame012351.jpg,2,High Risk,High
data/High/yt_video2_frame003470.jpg,2,High Risk,High
data/High/0000540_inst_label.png,2,High Risk,High
data/High/806657_inst_label.png,2,High Risk,High
data/Safe/int_video1_frame000247.jpg,0,Safe,Safe
data/Safe/int_video3_frame000513.jpg,0,Safe,Safe
data/Safe/int_video3_frame004230.jpg,0,Safe,Safe
data/High/frame20476_image.jpg,2,High Risk,High
data/High/yt_video1_frame003087.jpg,2,High Risk,High
data/Safe/int_video2_frame000093.jpg,0,Safe,Safe
data/High/6c496899-4a3fd415.jpg,2,High Risk,High
data/Safe/int_video1_frame000319.jpg,0,Safe,Safe
data/High/yt_video3_frame002491.jpg,2,High Risk,High
data/Safe/yt_video2_frame004677.jpg,0,Safe,Safe
data/Moderate/bb6643fa-a2b42d16.jpg,1,Moderate Risk,Moderate
data/High/yt_video3_frame009079.jpg,2,High Risk,High
data/High/07764b8b-6db4a0f4.jpg,2,High Risk,High
data/High/custom_high_risk_rain_0027.jpg,2,High Risk,High
data/High/0a6113ce-65c99332.jpg,2,High Risk,High
data/Safe/int_video2_frame000137.jpg,0,Safe,Safe
data/High/custom_moderate_city_traffic_0025.jpg,2,High Risk,High
data/Safe/frame33464_image.jpg,0,Safe,Safe
data/Safe/int_video2_frame000223.jpg,0,Safe,Safe
data/High/yt_video3_frame012122.jpg,2,High Risk,High
data/High/yt_video3_frame002612.jpg,2,High Risk,High
data/High/132a6855-befebf75.jpg,2,High Risk,High
data/High/b0d2f2fa-361b5a7a.jpg,2,High Risk,High
data/High/custom_high_risk_rain_0093.jpg,2,High Risk,High
data/High/4c6a58cd-d90628d2.jpg,2,High Risk,High
data/High/yt_video1_frame000334.jpg,2,High Risk,High
data/High/int_video3_frame003722.jpg,2,High Risk,High
data/Safe/int_video1_frame000152.jpg,0,Safe,Safe
data/High/custom_moderate_city_traffic_0170.jpg,2,High Risk,High
data/High/custom_moderate_city_traffic_0149.jpg,2,High Risk,High
data/High/frame17968_image.jpg,2,High Risk,High
data/High/2d507bf6-d3ddcb08.jpg,2,High Risk,High
data/High/512106_image.jpg,2,High Risk,High
data/Safe/int_video3_frame004492.jpg,0,Safe,Safe
data/High/c0bdd2df-c6e1aa24.jpg,2,High Risk,High
data/Safe/int_video2_frame000206.jpg,0,Safe,Safe
data/High/5025e2a0-464860b7.jpg,2,High Risk,High
data/Moderate/c45e3dc0-3517e269.jpg,1,Moderate Risk,Moderate
data/Safe/int_video1_frame000375.jpg,0,Safe,Safe
data/High/int_video3_frame001352.jpg,2,High Risk,High
data/High/yt_video1_frame001038.jpg,2,High Risk,High
data/High/int_video3_frame001213.jpg,2,High Risk,High
data/Safe/int_video2_frame000182.jpg,0,Safe,Safe
data/Safe/021198_image.jpg,0,Safe,Safe
data/High/5ff99bb6-835d016a.jpg,2,High Risk,High
data/High/yt_video1_frame000908.jpg,2,High Risk,High
data/High/yt_video1_frame001831.jpg,2,High Risk,High
data/High/yt_video3_frame013572.jpg,2,High Risk,High
data/High/08780f20-babe607d.jpg,2,High Risk,High
data/Safe/265197_image.jpg,0,Safe,Safe
data/High/yt_video2_frame000755.jpg,2,High Risk,High
data/High/78246309-e8ec1289.jpg,2,High Risk,High
data/High/custom_safe_highway_0027.jpg,2,High Risk,High
data/High/int_video3_frame000437.jpg,2,High Risk,High
data/High/36c16c61-579f40d0.jpg,2,High Risk,High
data/High/yt_video2_frame002469.jpg,2,High Risk,High
data/Safe/int_video1_frame000367.jpg,0,Safe,Safe
data/High/yt_video1_frame004263.jpg,2,High Risk,High
data/Safe/int_video3_frame002760.jpg,0,Safe,Safe
data/High/235184_inst_label.png,2,High Risk,High
data/Safe/frame4646_image.jpg,0,Safe,Safe
data/High/09ac7416-7302f662.jpg,2,High Risk,High
data/High/yt_video1_frame000654.jpg,2,High Risk,High
data/High/custom_safe_highway_0025.jpg,2,High Risk,High
data/Safe/int_video2_frame000373.jpg,0,Safe,Safe
data/High/683ca610-acf42f0a.jpg,2,High Risk,High
data/High/401f88ca-e56102b7.jpg,2,High Risk,High
data/High/frame16780_image.jpg,2,High Risk,High
data/Safe/int_video1_frame000145.jpg,0,Safe,Safe
data/High/yt_video2_frame002118.jpg,2,High Risk,High
data/High/171279_image.jpg,2,High Risk,High
data/High/b161456b-7dd5e7f7.jpg,2,High Risk,High
data/Safe/int_video1_frame000496.jpg,0,Safe,Safe
data/Safe/frame0011_image.jpg,0,Safe,Safe
data/Safe/int_video2_frame000049.jpg,0,Safe,Safe
data/High/yt_video3_frame011230.jpg,2,High Risk,High
data/High/017127_image.jpg,2,High Risk,High
data/High/custom_safe_highway_0078.jpg,2,High Risk,High
data/High/35250199-0167aaa1.jpg,2,High Risk,High
data/High/custom_high_risk_rain_0069.jpg,2,High Risk,High
data/Safe/int_video1_frame000113.jpg,0,Safe,Safe
data/Safe/int_video2_frame000511.jpg,0,Safe,Safe
data/High/0f026efa-e39b024a.jpg,2,High Risk,High
data/High/custom_high_risk_rain_0011.jpg,2,High Risk,High
data/Safe/6c0a6ac8-806d1e37.jpg,0,Safe,Safe
data/High/60567bc8-8d399e79.jpg,2,High Risk,High
data/High/yt_video3_frame008615.jpg,2,High Risk,High
data/High/060156_inst_label.png,2,High Risk,High
data/High/yt_video2_frame003389.jpg,2,High Risk,High
data/High/int_video3_frame005361.jpg,2,High Risk,High
data/Safe/int_video2_frame000297.jpg,0,Safe,Safe
data/High/custom_high_risk_rain_0009.jpg,2,High Risk,High
data/Safe/yt_video3_frame001257.jpg,0,Safe,Safe
data/Safe/int_video3_frame000769.jpg,0,Safe,Safe
data/Safe/custom_high_risk_rain_0137.jpg,0,Safe,Safe
data/High/yt_video1_frame002694.jpg,2,High Risk,High
data/High/545719_image.jpg,2,High Risk,High
data/High/custom_safe_highway_0058.jpg,2,High Risk,High
data/Safe/int_video2_frame000348.jpg,0,Safe,Safe
data/High/yt_video3_frame000079.jpg,2,High Risk,High
data/High/2f97ca3c-009da805.jpg,2,High Risk,High
data/High/int_video3_frame004597.jpg,2,High Risk,High
data/High/29f3efe3-56c1bdd6.jpg,2,High Risk,High
data/High/10d36198-54b5fde8.jpg,2,High Risk,High
data/Safe/custom_safe_highway_0139.jpg,0,Safe,Safe
data/Moderate/yt_video1_frame002940.jpg,1,Moderate Risk,Moderate
data/Safe/int_video1_frame000300.jpg,0,Safe,Safe
data/Safe/257193_image.jpg,0,Safe,Safe
data/Moderate/custom_moderate_city_traffic_0084.jpg,1,Moderate Risk,Moderate
data/High/yt_video3_frame005890.jpg,2,High Risk,High
data/Safe/int_video3_frame003818.jpg,0,Safe,Safe
data/High/49c5ef75-9eb2fb53.jpg,2,High Risk,High
data/High/frame3220_inst_label.png,2,High Risk,High
data/High/frame71565_inst_label.png,2,High Risk,High
data/High/0006531_image.jpg,2,High Risk,High
data/High/yt_video1_frame000096.jpg,2,High Risk,High
data/High/a9d9976c-6f241b9b.jpg,2,High Risk,High
data/High/yt_video2_frame002136.jpg,2,High Risk,High
data/High/custom_safe_highway_0059.jpg,2,High Risk,High
data/Safe/ac5299de-951c713a.jpg,0,Safe,Safe
data/High/2a5f2d6c-5519930b.jpg,2,High Risk,High
data/High/464258c8-39c97f8f.jpg,2,High Risk,High
data/High/yt_video3_frame008425.jpg,2,High Risk,High
data/Safe/int_video1_frame000586.jpg,0,Safe,Safe
data/High/yt_video1_frame000665.jpg,2,High Risk,High
data/High/002222_inst_label.png,2,High Risk,High
data/High/0023892_inst_label.png,2,High Risk,High
data/Safe/int_video1_frame000577.jpg,0,Safe,Safe
data/High/int_video3_frame004118.jpg,2,High Risk,High
data/High/custom_safe_highway_0068.jpg,2,High Risk,High
data/High/8fd1a417-98460781.jpg,2,High Risk,High
data/Safe/int_video2_frame000440.jpg,0,Safe,Safe
data/High/yt_video1_frame000460.jpg,2,High Risk,High
data/High/a0b73410-54653c1e.jpg,2,High Risk,High
data/High/yt_video1_frame003816.jpg,2,High Risk,High
data/High/30ee0776-46ebad52.jpg,2,High Risk,High
data/Safe/yt_video2_frame001401.jpg,0,Safe,Safe
data/High/yt_video1_frame001557.jpg,2,High Risk,High
data/High/yt_video1_frame000833.jpg,2,High Risk,High
data/Moderate/2bb0ef42-e5602067.jpg,1,Moderate Risk,Moderate
data/Safe/int_video2_frame000140.jpg,0,Safe,Safe
data/High/yt_video3_frame005738.jpg,2,High Risk,High
data/Safe/018809_image.jpg,0,Safe,Safe
data/Safe/int_video1_frame000584.jpg,0,Safe,Safe
data/Safe/int_video2_frame000554.jpg,0,Safe,Safe
data/High/6222b5d4-f3c4d0ae.jpg,2,High Risk,High
data/High/int_video3_frame003779.jpg,2,High Risk,High
data/High/yt_video3_frame003703.jpg,2,High Risk,High
data/Safe/int_video2_frame000267.jpg,0,Safe,Safe
data/Safe/int_video1_frame000248.jpg,0,Safe,Safe
data/High/yt_video3_frame012754.jpg,2,High Risk,High
data/High/0004885_label.png,2,High Risk,High
data/Safe/int_video2_frame000610.jpg,0,Safe,Safe
data/Safe/custom_high_risk_rain_0134.jpg,0,Safe,Safe
data/High/420156_inst_label.png,2,High Risk,High
data/Safe/int_video3_frame000678.jpg,0,Safe,Safe
data/High/a59e0931-642cd02c.jpg,2,High Risk,High
data/Safe/int_video3_frame004958.jpg,0,Safe,Safe
data/High/custom_safe_highway_0170.jpg,2,High Risk,High
data/High/yt_video3_frame009968.jpg,2,High Risk,High
data/High/yt_video3_frame005029.jpg,2,High Risk,High
data/Safe/int_video1_frame000520.jpg,0,Safe,Safe
data/Safe/custom_safe_highway_0100.jpg,0,Safe,Safe
data/High/904ecb7d-23e268f6.jpg,2,High Risk,High
data/High/yt_video1_frame000200.jpg,2,High Risk,High
data/High/7f323239-094b2814.jpg,2,High Risk,High
data/Moderate/4e1d5b87-6466028f.jpg,1,Moderate Risk,Moderate
data/Safe/int_video3_frame001246.jpg,0,Safe,Safe
data/High/yt_video1_frame001887.jpg,2,High Risk,High
data/High/b721bf1b-be4e2e12.jpg,2,High Risk,High
data/Safe/431992_image.jpg,0,Safe,Safe
data/High/int_video3_frame002686.jpg,2,High Risk,High
data/Safe/023487_image.jpg,0,Safe,Safe
data/Safe/065334d1-add77611.jpg,0,Safe,Safe
data/High/custom_high_risk_rain_0014.jpg,2,High Risk,High
data/High/frame73067_label.png,2,High Risk,High
data/High/yt_video3_frame012745.jpg,2,High Risk,High
data/High/118ce08a-0f9fedc3.jpg,2,High Risk,High
data/Safe/int_video2_frame000450.jpg,0,Safe,Safe
data/Safe/int_video1_frame000014.jpg,0,Safe,Safe
data/High/yt_video2_frame000801.jpg,2,High Risk,High
data/High/333222e2-51c59cf2.jpg,2,High Risk,High
data/Safe/int_video2_frame000640.jpg,0,Safe,Safe
data/High/1d06ecf8-0021922d.jpg,2,High Risk,High
data/Moderate/yt_video1_frame000552.jpg,1,Moderate Risk,Moderate
data/Safe/46157cf0-2a1599af.jpg,0,Safe,Safe
data/High/yt_video3_frame008688.jpg,2,High Risk,High
data/High/1d175567-873d55a8.jpg,2,High Risk,High
data/Safe/int_video2_frame000363.jpg,0,Safe,Safe
data/Safe/int_video2_frame000186.jpg,0,Safe,Safe
data/Safe/int_video1_frame000602.jpg,0,Safe,Safe
data/High/b8a835db-c49dfee5.jpg,2,High Risk,High
data/High/yt_video1_frame003245.jpg,2,High Risk,High
data/Safe/int_video2_frame000067.jpg,0,Safe,Safe
data/High/8891666c-90c921b0.jpg,2,High Risk,High
data/High/6f6bd265-5f614a00.jpg,2,High Risk,High
data/High/custom_moderate_city_traffic_0006.jpg,2,High Risk,High
data/High/yt_video1_frame003697.jpg,2,High Risk,High
data/High/custom_moderate_city_traffic_0077.jpg,2,High Risk,High
data/Safe/int_video2_frame000639.jpg,0,Safe,Safe
data/Safe/int_video2_frame000188.jpg,0,Safe,Safe
data/Safe/int_video2_frame000401.jpg,0,Safe,Safe
data/Safe/int_video2_frame000333.jpg,0,Safe,Safe
data/High/yt_video3_frame013404.jpg,2,High Risk,High
data/High/frame11953_image.jpg,2,High Risk,High
data/High/frame70766_image.jpg,2,High Risk,High
data/High/13220db9-e90e1f98.jpg,2,High Risk,High
data/High/yt_video3_frame013142.jpg,2,High Risk,High
data/Safe/int_video3_frame001417.jpg,0,Safe,Safe
data/Safe/int_video1_frame000543.jpg,0,Safe,Safe
data/High/yt_video1_frame000416.jpg,2,High Risk,High
data/High/int_video3_frame002208.jpg,2,High Risk,High
data/Moderate/9998d4a8-e25e2ae9.jpg,1,Moderate Risk,Moderate
data/High/2a5426eb-5a3c575f.jpg,2,High Risk,High
data/Moderate/10a561f5-92d65b53.jpg,1,Moderate Risk,Moderate
data/High/yt_video2_frame004692.jpg,2,High Risk,High
data/Safe/int_video1_frame000329.jpg,0,Safe,Safe
data/Safe/int_video1_frame000472.jpg,0,Safe,Safe
data/High/0022486_inst_label.png,2,High Risk,High
data/High/yt_video1_frame004389.jpg,2,High Risk,High
data/High/4ab694a9-7fa56cf6.jpg,2,High Risk,High
data/Safe/yt_video2_frame001248.jpg,0,Safe,Safe
data/Safe/626612_image.jpg,0,Safe,Safe
data/High/yt_video1_frame000372.jpg,2,High Risk,High
data/Moderate/yt_video2_frame000662.jpg,1,Moderate Risk,Moderate
data/High/0025903_image.jpg,2,High Risk,High
data/High/int_video3_frame004088.jpg,2,High Risk,High
data/High/yt_video1_frame004311.jpg,2,High Risk,High
data/High/361065_inst_label.png,2,High Risk,High
data/Safe/int_video1_frame000207.jpg,0,Safe,Safe
data/High/yt_video2_frame000220.jpg,2,High Risk,High
data/High/yt_video2_frame000122.jpg,2,High Risk,High
data/High/frame8714_image.jpg,2,High Risk,High
data/High/4a594d68-1c7879d0.jpg,2,High Risk,High
data/Safe/custom_safe_highway_0135.jpg,0,Safe,Safe
data/Safe/int_video3_frame004306.jpg,0,Safe,Safe
data/High/frame3347_label.png,2,High Risk,High
data/High/yt_video2_frame003490.jpg,2,High Risk,High
data/High/33eb69c7-d23f6c6b.jpg,2,High Risk,High
data/High/4c43d545-c5c7cc2c.jpg,2,High Risk,High
data/High/yt_video2_frame000993.jpg,2,High Risk,High
data/High/223851_label.png,2,High Risk,High
data/High/7a536ea9-c0214f82.jpg,2,High Risk,High
data/High/19fbb794-b7763ac4.jpg,2,High Risk,High
data/Safe/int_video2_frame000309.jpg,0,Safe,Safe
data/Safe/yt_video2_frame001928.jpg,0,Safe,Safe
data/High/yt_video3_frame009836.jpg,2,High Risk,High
data/Moderate/874777_image.jpg,1,Moderate Risk,Moderate
data/High/custom_moderate_city_traffic_0082.jpg,2,High Risk,High
data/High/6032f7e2-95d6e04b.jpg,2,High Risk,High
data/High/74a1562d-96a7f76c.jpg,2,High Risk,High
data/High/6d6b45d5-0b073e01.jpg,2,High Risk,High
data/High/0001149_label.png,2,High Risk,High
data/High/yt_video2_frame003178.jpg,2,High Risk,High
data/High/yt_video3_frame010777.jpg,2,High Risk,High
data/High/039cb0e4-6c799a13.jpg,2,High Risk,High
data/Safe/int_video2_frame000200.jpg,0,Safe,Safe
data/Safe/custom_safe_highway_0067.jpg,0,Safe,Safe
data/High/0009582_image.jpg,2,High Risk,High
data/Safe/int_video2_frame000129.jpg,0,Safe,Safe
data/Safe/int_video3_frame001130.jpg,0,Safe,Safe
data/High/custom_safe_highway_0144.jpg,2,High Risk,High
data/Safe/frame0231_image.jpg,0,Safe,Safe
data/High/custom_high_risk_rain_0146.jpg,2,High Risk,High
data/High/yt_video3_frame003553.jpg,2,High Risk,High
data/High/0000444_label.png,2,High Risk,High
data/High/578996_label.png,2,High Risk,High
data/High/713a020b-a954979e.jpg,2,High Risk,High
data/High/frame12101_label.png,2,High Risk,High
data/High/yt_video3_frame007431.jpg,2,High Risk,High
data/Safe/int_video1_frame000054.jpg,0,Safe,Safe
data/High/9c3645e0-69d1d371.jpg,2,High Risk,High
data/High/int_video3_frame001974.jpg,2,High Risk,High
data/High/6fe7d6af-6267c651.jpg,2,High Risk,High
data/High/4dff8133-ff4a7838.jpg,2,High Risk,High
data/High/yt_video2_frame001537.jpg,2,High Risk,High
data/High/yt_video3_frame009775.jpg,2,High Risk,High
data/Safe/int_video1_frame000516.jpg,0,Safe,Safe
data/Safe/int_video1_frame000550.jpg,0,Safe,Safe
data/High/yt_video1_frame001537.jpg,2,High Risk,High
data/High/yt_video2_frame002450.jpg,2,High Risk,High
data/Safe/int_video3_frame001297.jpg,0,Safe,Safe
data/High/yt_video3_frame004968.jpg,2,High Risk,High
data/High/76663911-2d4bb79a.jpg,2,High Risk,High
data/Moderate/5bc438dd-3015d78e.jpg,1,Moderate Risk,Moderate
data/Safe/int_video2_frame000078.jpg,0,Safe,Safe
data/Safe/int_video1_frame000357.jpg,0,Safe,Safe
data/High/yt_video2_frame002858.jpg,2,High Risk,High
data/High/2f1d116a-bd884028.jpg,2,High Risk,High
data/High/04200e90-3ca8cd17.jpg,2,High Risk,High
data/High/yt_video2_frame003722.jpg,2,High Risk,High
data/Safe/int_video1_frame000412.jpg,0,Safe,Safe
data/High/38221483-221afafe.jpg,2,High Risk,High
data/Safe/int_video3_frame000354.jpg,0,Safe,Safe
data/Safe/int_video2_frame000144.jpg,0,Safe,Safe
data/High/custom_high_risk_rain_0028.jpg,2,High Risk,High
data/High/yt_video1_frame003369.jpg,2,High Risk,High
data/High/yt_video3_frame005070.jpg,2,High Risk,High
data/High/yt_video3_frame000973.jpg,2,High Risk,High
data/High/6b7ebe63-2fca54d1.jpg,2,High Risk,High
data/High/frame14615_inst_label.png,2,High Risk,High
data/High/af19251c-b0960265.jpg,2,High Risk,High
data/High/yt_video1_frame003286.jpg,2,High Risk,High
data/Safe/int_video2_frame000130.jpg,0,Safe,Safe
data/High/yt_video2_frame004706.jpg,2,High Risk,High
data/High/0000540_label.png,2,High Risk,High
data/High/yt_video2_frame003323.jpg,2,High Risk,High
data/Safe/yt_video1_frame003763.jpg,0,Safe,Safe
data/High/686f85a0-21b17166.jpg,2,High Risk,High
data/High/frame20289_inst_label.png,2,High Risk,High
data/Safe/int_video3_frame002936.jpg,0,Safe,Safe
data/High/017127_label.png,2,High Risk,High
data/High/59e0b7c7-e39204d2.jpg,2,High Risk,High
data/High/yt_video1_frame003033.jpg,2,High Risk,High
data/Safe/yt_video2_frame002200.jpg,0,Safe,Safe
data/Safe/yt_video2_frame002915.jpg,0,Safe,Safe
data/Safe/int_video1_frame000283.jpg,0,Safe,Safe
data/High/custom_high_risk_rain_0062.jpg,2,High Risk,High
data/Safe/int_video2_frame000027.jpg,0,Safe,Safe
data/High/yt_video3_frame006374.jpg,2,High Risk,High
data/Safe/int_video1_frame000141.jpg,0,Safe,Safe
data/High/76e8b056-b4692ccd.jpg,2,High Risk,High
data/High/0004070_inst_label.png,2,High Risk,High
data/Safe/int_video1_frame000176.jpg,0,Safe,Safe
data/High/custom_high_risk_rain_0160.jpg,2,High Risk,High
data/High/yt_video1_frame001694.jpg,2,High Risk,High
data/High/6ba14960-dedfedda.jpg,2,High Risk,High
data/Safe/157bfacf-5f1003c3.jpg,0,Safe,Safe
data/Safe/int_video2_frame000336.jpg,0,Safe,Safe
data/High/yt_video3_frame012683.jpg,2,High Risk,High
data/High/int_video3_frame001818.jpg,2,High Risk,High
data/High/59dec092-6b90cc90.jpg,2,High Risk,High
data/Safe/int_video3_frame002013.jpg,0,Safe,Safe
data/Safe/int_video2_frame000313.jpg,0,Safe,Safe
data/High/yt_video1_frame002743.jpg,2,High Risk,High
data/Moderate/yt_video2_frame002046.jpg,1,Moderate Risk,Moderate
data/High/yt_video2_frame004514.jpg,2,High Risk,High
data/Safe/int_video3_frame000919.jpg,0,Safe,Safe
data/Safe/int_video1_frame000325.jpg,0,Safe,Safe
data/Safe/int_video3_frame001500.jpg,0,Safe,Safe
data/Safe/int_video1_frame000225.jpg,0,Safe,Safe
data/High/yt_video1_frame003355.jpg,2,High Risk,High
data/High/custom_moderate_city_traffic_0067.jpg,2,High Risk,High
data/High/frame4067_label.png,2,High Risk,High
data/High/yt_video3_frame004484.jpg,2,High Risk,High
data/High/yt_video3_frame003719.jpg,2,High Risk,High
data/High/int_video3_frame005353.jpg,2,High Risk,High
data/High/yt_video2_frame003872.jpg,2,High Risk,High
data/High/388ca843-fb3ffade.jpg,2,High Risk,High
data/High/0027231_label.png,2,High Risk,High
data/High/56c5ee12-ff85ee56.jpg,2,High Risk,High
data/High/yt_video2_frame002952.jpg,2,High Risk,High
data/Moderate/874002_image.jpg,1,Moderate Risk,Moderate
data/Safe/int_video2_frame000331.jpg,0,Safe,Safe
data/High/yt_video1_frame001290.jpg,2,High Risk,High
data/Safe/int_video2_frame000096.jpg,0,Safe,Safe
data/Safe/int_video1_frame000338.jpg,0,Safe,Safe
data/High/yt_video2_frame002814.jpg,2,High Risk,High
data/Safe/int_video3_frame001630.jpg,0,Safe,Safe
data/Safe/int_video1_frame000443.jpg,0,Safe,Safe
data/High/custom_high_risk_rain_0119.jpg,2,High Risk,High
data/High/yt_video3_frame003391.jpg,2,High Risk,High
data/High/yt_video2_frame002492.jpg,2,High Risk,High
data/Safe/int_video3_frame001602.jpg,0,Safe,Safe
data/Safe/int_video2_frame000369.jpg,0,Safe,Safe
data/High/731920_image.jpg,2,High Risk,High
data/Safe/int_video1_frame000183.jpg,0,Safe,Safe
data/High/yt_video2_frame003522.jpg,2,High Risk,High
data/High/yt_video2_frame000018.jpg,2,High Risk,High
data/High/10606fae-348403d6.jpg,2,High Risk,High
data/Safe/int_video3_frame005699.jpg,0,Safe,Safe
data/Safe/int_video3_frame001869.jpg,0,Safe,Safe
data/High/yt_video2_frame001038.jpg,2,High Risk,High
data/High/yt_video3_frame002035.jpg,2,High Risk,High
data/Moderate/yt_video2_frame004667.jpg,1,Moderate Risk,Moderate
data/High/9961a588-da0549c0.jpg,2,High Risk,High
data/High/custom_moderate_city_traffic_0040.jpg,2,High Risk,High
data/High/yt_video1_frame004301.jpg,2,High Risk,High
data/High/yt_video1_frame004138.jpg,2,High Risk,High
data/Safe/int_video3_frame000157.jpg,0,Safe,Safe
data/High/702328_label.png,2,High Risk,High
data/High/669d4cf4-408fef3c.jpg,2,High Risk,High
data/High/yt_video1_frame000742.jpg,2,High Risk,High
data/High/custom_moderate_city_traffic_0068.jpg,2,High Risk,High
data/Moderate/yt_video2_frame000913.jpg,1,Moderate Risk,Moderate
data/High/013895_label.png,2,High Risk,High
data/Safe/int_video3_frame004911.jpg,0,Safe,Safe
data/High/a823fd1b-afc7a59d.jpg,2,High Risk,High
data/High/yt_video3_frame000141.jpg,2,High Risk,High
data/High/yt_video1_frame002608.jpg,2,High Risk,High
data/Safe/int_video3_frame000805.jpg,0,Safe,Safe
data/High/791d7e66-c1f11582.jpg,2,High Risk,High
data/Safe/int_video1_frame000440.jpg,0,Safe,Safe
data/High/yt_video1_frame003152.jpg,2,High Risk,High
data/High/yt_video2_frame003386.jpg,2,High Risk,High
data/Safe/int_video3_frame001550.jpg,0,Safe,Safe
data/High/a0dca814-f8b2e3fe.jpg,2,High Risk,High
data/Safe/int_video3_frame001049.jpg,0,Safe,Safe
data/Moderate/custom_high_risk_rain_0120.jpg,1,Moderate Risk,Moderate
data/High/363265_label.png,2,High Risk,High
data/Moderate/custom_moderate_city_traffic_0167.jpg,1,Moderate Risk,Moderate
data/Safe/int_video3_frame005154.jpg,0,Safe,Safe
data/High/yt_video2_frame000682.jpg,2,High Risk,High
data/High/2a7a4866-70517e18.jpg,2,High Risk,High
data/High/yt_video1_frame003663.jpg,2,High Risk,High
data/Safe/int_video1_frame000478.jpg,0,Safe,Safe
data/High/6d766d12-1d7454f5.jpg,2,High Risk,High
data/High/yt_video1_frame004350.jpg,2,High Risk,High
data/High/388488_label.png,2,High Risk,High
data/Safe/ab92811e-edb3a3e7.jpg,0,Safe,Safe
data/High/yt_video2_frame004015.jpg,2,High Risk,High
data/High/yt_video2_frame000689.jpg,2,High Risk,High
data/Safe/int_video2_frame000387.jpg,0,Safe,Safe
data/High/yt_video3_frame003279.jpg,2,High Risk,High
data/High/14f0c10f-ce00db2b.jpg,2,High Risk,High
data/High/9922e632-c2bc7c37.jpg,2,High Risk,High
data/High/yt_video2_frame003766.jpg,2,High Risk,High
data/Safe/int_video2_frame000024.jpg,0,Safe,Safe
data/High/30aeb6eb-d4b71210.jpg,2,High Risk,High
data/High/810855_image.jpg,2,High Risk,High
data/Safe/yt_video2_frame001727.jpg,0,Safe,Safe
data/High/yt_video3_frame006202.jpg,2,High Risk,High
data/High/2d5aa536-f59d9400.jpg,2,High Risk,High
data/Safe/int_video1_frame000607.jpg,0,Safe,Safe
data/High/int_video3_frame005672.jpg,2,High Risk,High
data/High/frame2639_image.jpg,2,High Risk,High
data/High/custom_high_risk_rain_0057.jpg,2,High Risk,High
data/High/5ca3b52b-5266a731.jpg,2,High Risk,High
data/High/yt_video2_frame004112.jpg,2,High Risk,High
data/High/0029056_label.png,2,High Risk,High
data/High/2588503e-785ebe71.jpg,2,High Risk,High
data/High/frame88492_label.png,2,High Risk,High
data/Safe/int_video2_frame000136.jpg,0,Safe,Safe
data/High/yt_video3_frame011534.jpg,2,High Risk,High
data/High/yt_video3_frame008224.jpg,2,High Risk,High
data/Safe/frame5939_image.jpg,0,Safe,Safe
data/High/yt_video1_frame001444.jpg,2,High Risk,High
data/Safe/int_video1_frame000531.jpg,0,Safe,Safe
data/Safe/int_video1_frame000256.jpg,0,Safe,Safe
data/High/frame26162_label.png,2,High Risk,High
data/Moderate/yt_video3_frame002080.jpg,1,Moderate Risk,Moderate
data/Safe/custom_high_risk_rain_0110.jpg,0,Safe,Safe
data/High/yt_video2_frame003282.jpg,2,High Risk,High
data/High/ae653a7e-f2f30b5d.jpg,2,High Risk,High
data/High/29e54439-2d148355.jpg,2,High Risk,High
data/High/36b8a4e7-19e01fa0.jpg,2,High Risk,High
data/Safe/int_video2_frame000663.jpg,0,Safe,Safe
data/High/6757b5fa-6624d1fa.jpg,2,High Risk,High
data/Safe/int_video2_frame000500.jpg,0,Safe,Safe
data/Safe/int_video1_frame000508.jpg,0,Safe,Safe
data/High/yt_video3_frame007375.jpg,2,High Risk,High
data/High/yt_video2_frame000955.jpg,2,High Risk,High
data/High/18ee788e-be0083db.jpg,2,High Risk,High
data/High/frame1975_inst_label.png,2,High Risk,High
data/High/b99f7c8d-b97ed7dc.jpg,2,High Risk,High
data/High/int_video3_frame005413.jpg,2,High Risk,High
data/High/yt_video1_frame001201.jpg,2,High Risk,High
data/High/yt_video1_frame002717.jpg,2,High Risk,High
data/Safe/int_video2_frame000462.jpg,0,Safe,Safe
data/High/custom_moderate_city_traffic_0008.jpg,2,High Risk,High
data/Safe/int_video1_frame000050.jpg,0,Safe,Safe
data/High/6be2883b-cc017ecd.jpg,2,High Risk,High
data/High/yt_video2_frame000389.jpg,2,High Risk,High
data/Moderate/668438bb-e0b7418d.jpg,1,Moderate Risk,Moderate
data/High/5e602ef1-0f06a183.jpg,2,High Risk,High
data/High/frame18499_image.jpg,2,High Risk,High
data/High/yt_video2_frame003181.jpg,2,High Risk,High
data/High/yt_video2_frame000914.jpg,2,High Risk,High
data/Safe/int_video1_frame000190.jpg,0,Safe,Safe
data/Safe/int_video2_frame000424.jpg,0,Safe,Safe
data/High/yt_video3_frame013901.jpg,2,High Risk,High
data/High/yt_video2_frame003851.jpg,2,High Risk,High
data/High/frame2194_image.jpg,2,High Risk,High
data/High/0004070_image.jpg,2,High Risk,High
data/High/62ed6e0e-b81f4196.jpg,2,High Risk,High
data/Safe/custom_moderate_city_traffic_0114.jpg,0,Safe,Safe
data/High/yt_video2_frame001105.jpg,2,High Risk,High
data/High/061239_image.jpg,2,High Risk,High
data/High/yt_video1_frame002667.jpg,2,High Risk,High
data/High/af19251c-bd7d7739.jpg,2,High Risk,High
data/High/31690fd0-ab024de6.jpg,2,High Risk,High
data/High/yt_video3_frame009395.jpg,2,High Risk,High
data/High/8d03d761-386b132c.jpg,2,High Risk,High
data/Moderate/int_video3_frame004084.jpg,1,Moderate Risk,Moderate
data/Safe/int_video2_frame000487.jpg,0,Safe,Safe
data/High/yt_video3_frame006259.jpg,2,High Risk,High
data/High/yt_video1_frame001515.jpg,2,High Risk,High
data/High/yt_video3_frame000674.jpg,2,High Risk,High
data/High/b11aefe3-f7f87739.jpg,2,High Risk,High
data/Safe/int_video1_frame000143.jpg,0,Safe,Safe
data/High/int_video3_frame003968.jpg,2,High Risk,High
data/High/yt_video3_frame011884.jpg,2,High Risk,High
data/High/151592af-5356a210.jpg,2,High Risk,High
data/Safe/int_video2_frame000232.jpg,0,Safe,Safe
data/Safe/int_video1_frame000056.jpg,0,Safe,Safe
data/Safe/frame3698_image.jpg,0,Safe,Safe
data/High/frame2469_label.png,2,High Risk,High
data/High/0002929_inst_label.png,2,High Risk,High
data/High/yt_video1_frame003338.jpg,2,High Risk,High
data/Safe/int_video2_frame000086.jpg,0,Safe,Safe
data/Moderate/custom_safe_highway_0093.jpg,1,Moderate Risk,Moderate
data/Safe/int_video1_frame000118.jpg,0,Safe,Safe
data/High/ad4b229b-7f9fe6f9.jpg,2,High Risk,High
data/Safe/int_video2_frame000094.jpg,0,Safe,Safe
data/Safe/int_video1_frame000570.jpg,0,Safe,Safe
data/High/custom_safe_highway_0122.jpg,2,High Risk,High
data/Safe/int_video3_frame005050.jpg,0,Safe,Safe
data/High/acdd75d1-c83c44bf.jpg,2,High Risk,High
data/High/yt_video3_frame002954.jpg,2,High Risk,High
data/High/yt_video1_frame000390.jpg,2,High Risk,High
data/Safe/int_video2_frame000514.jpg,0,Safe,Safe
data/High/yt_video2_frame000599.jpg,2,High Risk,High
data/Safe/396150_image.jpg,0,Safe,Safe
data/High/yt_video3_frame013719.jpg,2,High Risk,High
data/Safe/int_video2_frame000014.jpg,0,Safe,Safe
data/Safe/int_video1_frame000598.jpg,0,Safe,Safe
data/High/custom_safe_highway_0046.jpg,2,High Risk,High
data/Safe/int_video3_frame002885.jpg,0,Safe,Safe
data/High/custom_safe_highway_0015.jpg,2,High Risk,High
data/High/yt_video2_frame002394.jpg,2,High Risk,High
data/High/021088_inst_label.png,2,High Risk,High
data/Safe/int_video2_frame000011.jpg,0,Safe,Safe
data/Safe/int_video1_frame000182.jpg,0,Safe,Safe
data/High/4d138a69-2043426a.jpg,2,High Risk,High
data/High/573f9b4e-878de96e.jpg,2,High Risk,High
data/Moderate/yt_video2_frame001437.jpg,1,Moderate Risk,Moderate
data/Safe/int_video3_frame005199.jpg,0,Safe,Safe
data/High/yt_video1_frame002419.jpg,2,High Risk,High
data/Safe/custom_moderate_city_traffic_0060.jpg,0,Safe,Safe
data/High/46a25544-ea6e54fa.jpg,2,High Risk,High
data/High/yt_video1_frame004282.jpg,2,High Risk,High
data/High/int_video3_frame002166.jpg,2,High Risk,High
data/High/34adc78d-eadeb8f4.jpg,2,High Risk,High
data/Safe/int_video2_frame000007.jpg,0,Safe,Safe
data/High/79749e6d-d84fb5f2.jpg,2,High Risk,High
data/Safe/int_video1_frame000251.jpg,0,Safe,Safe
data/High/275348_inst_label.png,2,High Risk,High
data/High/bb8f6c9a-e2c6dc5a.jpg,2,High Risk,High
data/Safe/int_video2_frame000522.jpg,0,Safe,Safe
data/Safe/int_video1_frame000580.jpg,0,Safe,Safe
data/High/yt_video2_frame002288.jpg,2,High Risk,High
data/High/yt_video3_frame006413.jpg,2,High Risk,High
data/Safe/int_video1_frame000615.jpg,0,Safe,Safe
data/High/6cddacfb-cd63a318.jpg,2,High Risk,High
data/Safe/int_video3_frame002859.jpg,0,Safe,Safe
data/Safe/custom_safe_highway_0131.jpg,0,Safe,Safe
data/High/yt_video1_frame003966.jpg,2,High Risk,High
data/High/yt_video3_frame002554.jpg,2,High Risk,High
data/Safe/custom_safe_highway_0090.jpg,0,Safe,Safe
data/Safe/88b6fbc3-e12ea457.jpg,0,Safe,Safe
data/High/3f8db209-f003da8e.jpg,2,High Risk,High
data/Safe/custom_safe_highway_0096.jpg,0,Safe,Safe
data/High/yt_video3_frame013050.jpg,2,High Risk,High
data/Safe/int_video3_frame001498.jpg,0,Safe,Safe
data/Safe/int_video2_frame000542.jpg,0,Safe,Safe
data/Safe/56c87810-bec72b74.jpg,0,Safe,Safe
data/High/custom_high_risk_rain_0042.jpg,2,High Risk,High
data/High/yt_video3_frame010835.jpg,2,High Risk,High
data/Safe/int_video2_frame000296.jpg,0,Safe,Safe
data/Safe/000963_image.jpg,0,Safe,Safe
data/High/2f777508-a5dbf9c2.jpg,2,High Risk,High
data/Safe/int_video2_frame000435.jpg,0,Safe,Safe
data/High/yt_video3_frame004330.jpg,2,High Risk,High
data/High/0034112_image.jpg,2,High Risk,High
data/High/frame9991_inst_label.png,2,High Risk,High
data/Safe/int_video1_frame000129.jpg,0,Safe,Safe
data/Safe/int_video2_frame000593.jpg,0,Safe,Safe
data/Safe/int_video3_frame005299.jpg,0,Safe,Safe
data/High/0017495_label.png,2,High Risk,High
data/Safe/int_video1_frame000303.jpg,0,Safe,Safe
data/High/yt_video3_frame009470.jpg,2,High Risk,High
data/Moderate/frame2267_image.jpg,1,Moderate Risk,Moderate
data/High/int_video3_frame004598.jpg,2,High Risk,High
data/High/yt_video2_frame003106.jpg,2,High Risk,High
data/High/frame1731_label.png,2,High Risk,High
data/High/404847_label.png,2,High Risk,High
data/High/40a0c432-b39c3a2d.jpg,2,High Risk,High
data/High/yt_video2_frame001023.jpg,2,High Risk,High
data/High/1df877e7-6db3cff6.jpg,2,High Risk,High
data/High/4bdd2193-546f8f2c.jpg,2,High Risk,High
data/Safe/128774_image.jpg,0,Safe,Safe
data/High/75417b66-b0ce6f35.jpg,2,High Risk,High
data/Safe/int_video3_frame004462.jpg,0,Safe,Safe
data/Safe/int_video2_frame000433.jpg,0,Safe,Safe
data/Safe/int_video1_frame000345.jpg,0,Safe,Safe
data/Moderate/8fc9a361-be61a7dc.jpg,1,Moderate Risk,Moderate
data/High/0a3d4e9c-6a88f9e4.jpg,2,High Risk,High
data/High/yt_video3_frame002413.jpg,2,High Risk,High
data/Safe/int_video2_frame000504.jpg,0,Safe,Safe
data/High/yt_video1_frame002284.jpg,2,High Risk,High
data/High/custom_moderate_city_traffic_0137.jpg,2,High Risk,High
data/Safe/64575636-af5da039.jpg,0,Safe,Safe
data/High/2c8fcdf8-929f54ad.jpg,2,High Risk,High
data/Safe/yt_video1_frame002261.jpg,0,Safe,Safe
data/High/yt_video1_frame004499.jpg,2,High Risk,High
data/High/int_video3_frame000113.jpg,2,High Risk,High
data/High/523103_label.png,2,High Risk,High
data/High/b12992c7-fa9e7a33.jpg,2,High Risk,High
data/High/frame17862_inst_label.png,2,High Risk,High
data/High/yt_video1_frame003835.jpg,2,High Risk,High
data/High/361065_label.png,2,High Risk,High
data/High/1e5658e1-1b46d458.jpg,2,High Risk,High
data/High/yt_video3_frame010524.jpg,2,High Risk,High
data/Safe/int_video1_frame000043.jpg,0,Safe,Safe
data/High/yt_video2_frame003854.jpg,2,High Risk,High
data/High/384ccbc7-0a770314.jpg,2,High Risk,High
data/Safe/int_video2_frame000270.jpg,0,Safe,Safe
data/High/yt_video3_frame000132.jpg,2,High Risk,High
data/Safe/int_video3_frame000666.jpg,0,Safe,Safe
data/High/yt_video2_frame000065.jpg,2,High Risk,High
data/High/yt_video3_frame008355.jpg,2,High Risk,High
data/High/7d89b471-5b7637c8.jpg,2,High Risk,High
data/High/frame2685_label.png,2,High Risk,High
data/High/0a987fbc-48d777e2.jpg,2,High Risk,High
data/High/yt_video1_frame001657.jpg,2,High Risk,High
data/High/yt_video2_frame002586.jpg,2,High Risk,High
data/High/yt_video1_frame001790.jpg,2,High Risk,High
data/High/13f623b5-3611e0e7.jpg,2,High Risk,High
data/High/frame33308_label.png,2,High Risk,High
data/Safe/int_video3_frame005195.jpg,0,Safe,Safe
data/High/73543852-11df94ed.jpg,2,High Risk,High
data/High/yt_video2_frame000119.jpg,2,High Risk,High
data/High/yt_video2_frame001104.jpg,2,High Risk,High
data/High/yt_video1_frame004129.jpg,2,High Risk,High
data/High/57f43d1c-548210ef.jpg,2,High Risk,High
data/High/28643c39-db8ad3a3.jpg,2,High Risk,High
data/High/yt_video3_frame013422.jpg,2,High Risk,High
data/High/18bbaf29-5a44f2aa.jpg,2,High Risk,High
data/High/6c865a83-d41504b1.jpg,2,High Risk,High
data/High/yt_video1_frame003307.jpg,2,High Risk,High
data/High/2178d731-bc7b1cef.jpg,2,High Risk,High
data/High/int_video3_frame000276.jpg,2,High Risk,High
data/High/3ad63190-d1cc54de.jpg,2,High Risk,High
data/High/int_video3_frame003891.jpg,2,High Risk,High
data/High/544efe84-e6399ee4.jpg,2,High Risk,High
data/High/custom_moderate_city_traffic_0132.jpg,2,High Risk,High
data/High/yt_video1_frame001867.jpg,2,High Risk,High
data/High/yt_video1_frame003840.jpg,2,High Risk,High
data/High/3c39180d-d84dfdb4.jpg,2,High Risk,High
data/High/0011803_inst_label.png,2,High Risk,High
data/High/381d248a-4069a321.jpg,2,High Risk,High
data/High/frame0399_inst_label.png,2,High Risk,High
data/High/frame2014_image.jpg,2,High Risk,High
data/Safe/yt_video1_frame002429.jpg,0,Safe,Safe
data/High/49c9fb1f-69cfc62b.jpg,2,High Risk,High
data/High/yt_video1_frame001720.jpg,2,High Risk,High
data/High/custom_safe_highway_0035.jpg,2,High Risk,High
data/Safe/int_video1_frame000153.jpg,0,Safe,Safe
data/High/831912a9-1b0a0442.jpg,2,High Risk,High
data/High/yt_video3_frame009403.jpg,2,High Risk,High
data/Safe/int_video2_frame000041.jpg,0,Safe,Safe
data/High/yt_video1_frame000757.jpg,2,High Risk,High
data/High/int_video3_frame002595.jpg,2,High Risk,High
data/High/frame21739_label.png,2,High Risk,High
data/Safe/93b93cd9-394feaca.jpg,0,Safe,Safe
data/High/frame0074_inst_label.png,2,High Risk,High
data/High/frame2939_inst_label.png,2,High Risk,High
data/High/yt_video2_frame002545.jpg,2,High Risk,High
data/High/custom_moderate_city_traffic_0069.jpg,2,High Risk,High
data/High/int_video3_frame002359.jpg,2,High Risk,High
data/Moderate/yt_video2_frame004680.jpg,1,Moderate Risk,Moderate
data/High/custom_high_risk_rain_0063.jpg,2,High Risk,High
data/High/yt_video3_frame009190.jpg,2,High Risk,High
data/High/yt_video3_frame013377.jpg,2,High Risk,High
data/Safe/5a8220cc-241fb4d3.jpg,0,Safe,Safe
data/Safe/yt_video2_frame001978.jpg,0,Safe,Safe
data/Safe/yt_video3_frame001232.jpg,0,Safe,Safe
data/Safe/int_video3_frame000085.jpg,0,Safe,Safe
data/High/int_video3_frame001220.jpg,2,High Risk,High
data/Safe/yt_video1_frame003728.jpg,0,Safe,Safe
data/High/30f0a60b-df3d8284.jpg,2,High Risk,High
data/High/custom_moderate_city_traffic_0116.jpg,2,High Risk,High
data/Safe/int_video1_frame000201.jpg,0,Safe,Safe
data/Safe/yt_video2_frame001420.jpg,0,Safe,Safe
data/High/yt_video3_frame010668.jpg,2,High Risk,High
data/High/8f75d407-c7d8e597.jpg,2,High Risk,High
data/High/custom_safe_highway_0119.jpg,2,High Risk,High
data/Moderate/yt_video2_frame002904.jpg,1,Moderate Risk,Moderate
data/High/int_video3_frame002672.jpg,2,High Risk,High
data/High/custom_high_risk_rain_0159.jpg,2,High Risk,High
data/High/14f78cf7-b8c15cc3.jpg,2,High Risk,High
data/Safe/int_video2_frame000655.jpg,0,Safe,Safe
data/Safe/yt_video2_frame001219.jpg,0,Safe,Safe
data/Safe/int_video1_frame000101.jpg,0,Safe,Safe
data/High/0001196_image.jpg,2,High Risk,High
data/High/141768_inst_label.png,2,High Risk,High
data/High/71a9af7a-43682f0b.jpg,2,High Risk,High
data/Moderate/int_video3_frame003974.jpg,1,Moderate Risk,Moderate
data/High/yt_video3_frame012119.jpg,2,High Risk,High
data/Moderate/yt_video2_frame002479.jpg,1,Moderate Risk,Moderate
data/High/642575_label.png,2,High Risk,High
data/Safe/int_video3_frame001864.jpg,0,Safe,Safe
data/High/yt_video3_frame012262.jpg,2,High Risk,High
data/High/custom_safe_highway_0040.jpg,2,High Risk,High
data/High/7bf5c778-9665e38d.jpg,2,High Risk,High
data/High/4fc97b94-d5e3c839.jpg,2,High Risk,High
data/High/218217_image.jpg,2,High Risk,High
data/High/011797_inst_label.png,2,High Risk,High
data/High/747d8591-b7246596.jpg,2,High Risk,High
data/High/yt_video1_frame003358.jpg,2,High Risk,High
data/Safe/int_video3_frame002716.jpg,0,Safe,Safe
data/High/a0be3324-81760da5.jpg,2,High Risk,High
data/High/custom_high_risk_rain_0084.jpg,2,High Risk,High
data/Safe/int_video3_frame004526.jpg,0,Safe,Safe
data/High/335af60a-10be5d85.jpg,2,High Risk,High
data/High/7da2ef7c-3e33199d.jpg,2,High Risk,High
data/High/frame12117_label.png,2,High Risk,High
data/Moderate/custom_moderate_city_traffic_0011.jpg,1,Moderate Risk,Moderate
data/Safe/int_video2_frame000125.jpg,0,Safe,Safe
data/Safe/int_video1_frame000556.jpg,0,Safe,Safe
data/Safe/yt_video2_frame001550.jpg,0,Safe,Safe
data/High/176853_image.jpg,2,High Risk,High
data/Safe/yt_video1_frame002473.jpg,0,Safe,Safe
data/High/8e1f1d03-a876c492.jpg,2,High Risk,High
data/Moderate/yt_video3_frame001555.jpg,1,Moderate Risk,Moderate
data/High/4b94111d-390725f9.jpg,2,High Risk,High
data/Moderate/yt_video1_frame002560.jpg,1,Moderate Risk,Moderate
data/High/a381a874-721c835a.jpg,2,High Risk,High
data/High/24791a52-e5030f73.jpg,2,High Risk,High
data/Moderate/yt_video3_frame000225.jpg,1,Moderate Risk,Moderate
data/Safe/yt_video2_frame001696.jpg,0,Safe,Safe
data/Safe/int_video2_frame000677.jpg,0,Safe,Safe
data/High/custom_moderate_city_traffic_0144.jpg,2,High Risk,High
data/Safe/int_video1_frame000260.jpg,0,Safe,Safe
data/Safe/int_video2_frame000317.jpg,0,Safe,Safe
data/High/2cf1f020-3e8ff825.jpg,2,High Risk,High
data/High/42fdb851-b0e8f0c0.jpg,2,High Risk,High
data/High/yt_video3_frame009809.jpg,2,High Risk,High
data/Safe/int_video1_frame000102.jpg,0,Safe,Safe
data/Safe/custom_moderate_city_traffic_0098.jpg,0,Safe,Safe
data/Safe/yt_video3_frame006388.jpg,0,Safe,Safe
data/Safe/yt_video2_frame003159.jpg,0,Safe,Safe
data/High/yt_video1_frame004345.jpg,2,High Risk,High
data/Safe/yt_video2_frame004583.jpg,0,Safe,Safe
data/High/yt_video1_frame000123.jpg,2,High Risk,High
data/High/yt_video1_frame001236.jpg,2,High Risk,High
data/Safe/int_video2_frame000395.jpg,0,Safe,Safe
data/High/frame53249_inst_label.png,2,High Risk,High
data/High/yt_video1_frame001777.jpg,2,High Risk,High
data/High/yt_video3_frame004040.jpg,2,High Risk,High
data/High/770da829-c66b65b6.jpg,2,High Risk,High
data/High/yt_video3_frame005062.jpg,2,High Risk,High
data/High/yt_video2_frame004134.jpg,2,High Risk,High
data/High/yt_video1_frame004269.jpg,2,High Risk,High
data/Safe/int_video2_frame000095.jpg,0,Safe,Safe
data/High/3c87d4cb-b6d2ec9c.jpg,2,High Risk,High
data/High/yt_video3_frame012762.jpg,2,High Risk,High
data/High/yt_video2_frame001522.jpg,2,High Risk,High
data/High/8d0bd15e-a05508dd.jpg,2,High Risk,High
data/Safe/int_video1_frame000561.jpg,0,Safe,Safe
data/High/0004888_image.jpg,2,High Risk,High
data/Safe/yt_video2_frame002202.jpg,0,Safe,Safe
data/High/0d13ae3d-208a0cdb.jpg,2,High Risk,High
data/High/yt_video3_frame007871.jpg,2,High Risk,High
data/High/frame37917_label.png,2,High Risk,High
data/High/yt_video3_frame009446.jpg,2,High Risk,High
data/Safe/56df8311-9e030f65.jpg,0,Safe,Safe
data/High/int_video3_frame003985.jpg,2,High Risk,High
data/Safe/int_video1_frame000270.jpg,0,Safe,Safe
data/Moderate/yt_video1_frame002512.jpg,1,Moderate Risk,Moderate
data/High/yt_video1_frame002110.jpg,2,High Risk,High
data/High/014810_image.jpg,2,High Risk,High
data/High/custom_safe_highway_0037.jpg,2,High Risk,High
data/High/806657_label.png,2,High Risk,High
data/Moderate/yt_video1_frame003818.jpg,1,Moderate Risk,Moderate
data/High/aefd1f1c-87835d05.jpg,2,High Risk,High
data/Safe/yt_video2_frame001213.jpg,0,Safe,Safe
data/Safe/int_video3_frame001688.jpg,0,Safe,Safe
data/Safe/int_video2_frame000151.jpg,0,Safe,Safe
data/Safe/custom_moderate_city_traffic_0005.jpg,0,Safe,Safe
data/High/699848_label.png,2,High Risk,High
data/High/frame2553_image.jpg,2,High Risk,High
data/High/559a5355-fc911369.jpg,2,High Risk,High
data/High/0010050_label.png,2,High Risk,High
data/High/72b2dd60-614a978a.jpg,2,High Risk,High
data/High/frame50612_label.png,2,High Risk,High
data/Moderate/64b3f01b-089db672.jpg,1,Moderate Risk,Moderate
data/Safe/int_video1_frame000186.jpg,0,Safe,Safe
data/Safe/088fe2e8-0b217f46.jpg,0,Safe,Safe
data/Safe/int_video1_frame000076.jpg,0,Safe,Safe
data/High/2a7e1ff7-4fcec687.jpg,2,High Risk,High
data/High/custom_safe_highway_0152.jpg,2,High Risk,High
data/Safe/int_video1_frame000442.jpg,0,Safe,Safe
data/High/yt_video1_frame001449.jpg,2,High Risk,High
data/Safe/int_video1_frame000311.jpg,0,Safe,Safe
data/High/yt_video1_frame003873.jpg,2,High Risk,High
data/Safe/9aba9146-2704c3db.jpg,0,Safe,Safe
data/High/yt_video1_frame003638.jpg,2,High Risk,High
data/High/yt_video1_frame001435.jpg,2,High Risk,High
data/High/frame35599_image.jpg,2,High Risk,High
data/Moderate/019239_image.jpg,1,Moderate Risk,Moderate
data/Safe/int_video2_frame000361.jpg,0,Safe,Safe
data/High/yt_video3_frame010888.jpg,2,High Risk,High
data/Safe/yt_video2_frame001742.jpg,0,Safe,Safe
data/High/9dec6d97-503c4c5a.jpg,2,High Risk,High
data/High/frame3750_image.jpg,2,High Risk,High
data/High/frame3288_inst_label.png,2,High Risk,High
data/Safe/int_video1_frame000295.jpg,0,Safe,Safe
data/Safe/int_video1_frame000548.jpg,0,Safe,Safe
data/High/443193_inst_label.png,2,High Risk,High
data/High/yt_video2_frame000042.jpg,2,High Risk,High
data/High/frame36408_label.png,2,High Risk,High
data/Safe/int_video2_frame000489.jpg,0,Safe,Safe
data/High/268450_inst_label.png,2,High Risk,High
data/High/custom_moderate_city_traffic_0157.jpg,2,High Risk,High
data/High/50f44c57-04e5db4d.jpg,2,High Risk,High
data/High/31c856f3-7dbe2a3d.jpg,2,High Risk,High
data/High/yt_video1_frame004064.jpg,2,High Risk,High
data/Safe/int_video3_frame004047.jpg,0,Safe,Safe
data/Safe/int_video1_frame000049.jpg,0,Safe,Safe
data/High/yt_video3_frame009303.jpg,2,High Risk,High
data/High/b48c7b5f-49fec7f1.jpg,2,High Risk,High
data/Safe/int_video2_frame000432.jpg,0,Safe,Safe
data/High/7d6eb8b3-17cd49ef.jpg,2,High Risk,High
data/High/yt_video3_frame008455.jpg,2,High Risk,High
data/High/yt_video3_frame011888.jpg,2,High Risk,High
data/High/873503_inst_label.png,2,High Risk,High
data/Moderate/yt_video2_frame000825.jpg,1,Moderate Risk,Moderate
data/High/yt_video2_frame002033.jpg,2,High Risk,High
data/Safe/int_video3_frame002732.jpg,0,Safe,Safe
data/High/yt_video1_frame002899.jpg,2,High Risk,High
data/High/yt_video1_frame002181.jpg,2,High Risk,High
data/Safe/int_video1_frame000160.jpg,0,Safe,Safe
data/Safe/yt_video2_frame002663.jpg,0,Safe,Safe
data/High/yt_video1_frame002924.jpg,2,High Risk,High
data/Safe/int_video3_frame000770.jpg,0,Safe,Safe
data/Safe/int_video2_frame000139.jpg,0,Safe,Safe
data/High/a869c6b7-96539a8d.jpg,2,High Risk,High
data/Safe/int_video2_frame000203.jpg,0,Safe,Safe
data/High/3c79d99b-f47fdab1.jpg,2,High Risk,High
data/Safe/int_video1_frame000505.jpg,0,Safe,Safe
data/High/custom_moderate_city_traffic_0104.jpg,2,High Risk,High
data/High/094487fc-5f6a6639.jpg,2,High Risk,High
data/High/771493_label.png,2,High Risk,High
data/High/custom_moderate_city_traffic_0094.jpg,2,High Risk,High
data/Safe/custom_high_risk_rain_0147.jpg,0,Safe,Safe
data/High/46711c66-2ee09c82.jpg,2,High Risk,High
data/Safe/int_video2_frame000192.jpg,0,Safe,Safe
data/High/yt_video1_frame000300.jpg,2,High Risk,High
data/High/689632_image.jpg,2,High Risk,High
data/Safe/yt_video1_frame001602.jpg,0,Safe,Safe
data/High/int_video3_frame001143.jpg,2,High Risk,High
data/High/5df03e07-85dcc14b.jpg,2,High Risk,High
data/High/custom_high_risk_rain_0128.jpg,2,High Risk,High
data/High/4e15edbf-c434f60e.jpg,2,High Risk,High
data/Safe/yt_video1_frame002240.jpg,0,Safe,Safe
data/High/a374cc51-4c1237b6.jpg,2,High Risk,High
data/Safe/89ae16ee-e862d733.jpg,0,Safe,Safe
data/Safe/int_video2_frame000465.jpg,0,Safe,Safe
data/Safe/yt_video3_frame002012.jpg,0,Safe,Safe
data/Safe/int_video1_frame000150.jpg,0,Safe,Safe
data/High/yt_video1_frame002092.jpg,2,High Risk,High
data/High/8f887b66-4921dcac.jpg,2,High Risk,High
data/High/0004856_inst_label.png,2,High Risk,High
data/High/yt_video3_frame009591.jpg,2,High Risk,High
data/Safe/int_video3_frame003508.jpg,0,Safe,Safe
data/High/633180_image.jpg,2,High Risk,High
data/High/yt_video3_frame010421.jpg,2,High Risk,High
data/High/custom_safe_highway_0157.jpg,2,High Risk,High
data/High/frame16917_label.png,2,High Risk,High
data/High/5478b7ff-7450e994.jpg,2,High Risk,High
data/Safe/int_video3_frame000695.jpg,0,Safe,Safe
data/High/yt_video1_frame003676.jpg,2,High Risk,High
data/High/c396e833-ba935f99.jpg,2,High Risk,High
data/High/b57c8f5a-b427a4b7.jpg,2,High Risk,High
data/High/int_video3_frame003405.jpg,2,High Risk,High
data/Safe/956796_image.jpg,0,Safe,Safe
data/Safe/0bdf03ce-9c7c3492.jpg,0,Safe,Safe
data/Safe/int_video1_frame000284.jpg,0,Safe,Safe
data/Safe/int_video1_frame000466.jpg,0,Safe,Safe
data/High/yt_video2_frame000030.jpg,2,High Risk,High
data/Safe/9f51c176-0a179690.jpg,0,Safe,Safe
data/Safe/int_video2_frame000155.jpg,0,Safe,Safe
data/High/int_video3_frame002664.jpg,2,High Risk,High
data/Safe/0386df8d-c884dc14.jpg,0,Safe,Safe
data/High/custom_high_risk_rain_0121.jpg,2,High Risk,High
data/High/b44d57fb-e85243b2.jpg,2,High Risk,High
data/Moderate/yt_video1_frame004482.jpg,1,Moderate Risk,Moderate
data/Safe/int_video3_frame001526.jpg,0,Safe,Safe
data/High/custom_safe_highway_0121.jpg,2,High Risk,High
data/Safe/int_video1_frame000287.jpg,0,Safe,Safe
data/Safe/int_video2_frame000491.jpg,0,Safe,Safe
data/High/int_video3_frame005032.jpg,2,High Risk,High
data/High/6c3e6735-9698d164.jpg,2,High Risk,High
data/Safe/yt_video1_frame001008.jpg,0,Safe,Safe
data/Safe/int_video1_frame000450.jpg,0,Safe,Safe
data/Safe/int_video2_frame000585.jpg,0,Safe,Safe
data/High/8769c129-74f3b319.jpg,2,High Risk,High
data/High/yt_video3_frame008921.jpg,2,High Risk,High
data/High/017489_image.jpg,2,High Risk,High
data/High/yt_video2_frame004129.jpg,2,High Risk,High
data/High/int_video3_frame003625.jpg,2,High Risk,High
data/Safe/int_video3_frame005556.jpg,0,Safe,Safe
data/High/02097021-05dcbf23.jpg,2,High Risk,High
data/High/4a04af8f-d6c6e945.jpg,2,High Risk,High
data/High/yt_video3_frame005724.jpg,2,High Risk,High
data/High/0e161e35-a031c3c1.jpg,2,High Risk,High
data/High/3c272b4b-1dfb5e01.jpg,2,High Risk,High
data/High/yt_video2_frame003821.jpg,2,High Risk,High
data/High/202ca8c4-8ad0280a.jpg,2,High Risk,High
data/High/yt_video1_frame004304.jpg,2,High Risk,High
data/High/frame27350_image.jpg,2,High Risk,High
data/High/custom_moderate_city_traffic_0109.jpg,2,High Risk,High
data/Safe/int_video1_frame000285.jpg,0,Safe,Safe
data/High/264440_inst_label.png,2,High Risk,High
data/Safe/int_video1_frame000213.jpg,0,Safe,Safe
data/High/yt_video2_frame003003.jpg,2,High Risk,High
data/High/frame16271_inst_label.png,2,High Risk,High
data/High/yt_video1_frame000978.jpg,2,High Risk,High
data/High/a16471ef-d4d44b1d.jpg,2,High Risk,High
data/Safe/int_video1_frame000312.jpg,0,Safe,Safe
data/High/afe7c43b-998729a8.jpg,2,High Risk,High
data/High/7cb24f99-9713ea05.jpg,2,High Risk,High
data/High/yt_video1_frame001032.jpg,2,High Risk,High
data/Safe/a9f11a2e-2e6abd0c.jpg,0,Safe,Safe
data/Safe/int_video3_frame002765.jpg,0,Safe,Safe
data/Safe/custom_high_risk_rain_0132.jpg,0,Safe,Safe
data/Safe/int_video3_frame001926.jpg,0,Safe,Safe
data/Safe/int_video3_frame000071.jpg,0,Safe,Safe
data/High/5589def1-1bc254b1.jpg,2,High Risk,High
data/Safe/int_video2_frame000109.jpg,0,Safe,Safe
data/Safe/int_video3_frame000333.jpg,0,Safe,Safe
data/High/yt_video2_frame003726.jpg,2,High Risk,High
data/Safe/yt_video2_frame001133.jpg,0,Safe,Safe
data/High/yt_video3_frame009443.jpg,2,High Risk,High
data/Safe/yt_video2_frame001474.jpg,0,Safe,Safe
data/High/yt_video2_frame003642.jpg,2,High Risk,High
data/Safe/int_video2_frame000493.jpg,0,Safe,Safe
data/Safe/018974_image.jpg,0,Safe,Safe
data/Safe/int_video2_frame000497.jpg,0,Safe,Safe
data/High/8cbbe764-20f57346.jpg,2,High Risk,High
data/High/0010798_inst_label.png,2,High Risk,High
data/High/yt_video3_frame005372.jpg,2,High Risk,High
data/High/yt_video1_frame004394.jpg,2,High Risk,High
data/Safe/int_video2_frame000506.jpg,0,Safe,Safe
data/High/2871fb39-32eb06c7.jpg,2,High Risk,High
data/Safe/yt_video2_frame004271.jpg,0,Safe,Safe
data/Safe/int_video1_frame000597.jpg,0,Safe,Safe
data/Safe/76ebdfa2-a5353fd2.jpg,0,Safe,Safe
data/Safe/int_video2_frame000031.jpg,0,Safe,Safe
data/Safe/int_video3_frame003932.jpg,0,Safe,Safe
data/High/85a0b220-a69f26a1.jpg,2,High Risk,High
data/High/488144_inst_label.png,2,High Risk,High
data/High/custom_high_risk_rain_0085.jpg,2,High Risk,High
data/Safe/int_video2_frame000256.jpg,0,Safe,Safe
data/High/a5a2f787-eff8d2d6.jpg,2,High Risk,High
data/High/yt_video2_frame000152.jpg,2,High Risk,High
data/High/int_video3_frame004631.jpg,2,High Risk,High
data/Safe/custom_high_risk_rain_0126.jpg,0,Safe,Safe
data/Safe/int_video3_frame005081.jpg,0,Safe,Safe
data/High/511497_inst_label.png,2,High Risk,High
data/High/custom_moderate_city_traffic_0163.jpg,2,High Risk,High
data/Safe/int_video3_frame001283.jpg,0,Safe,Safe
data/Safe/yt_video2_frame002981.jpg,0,Safe,Safe
data/High/a3dcf805-12eda789.jpg,2,High Risk,High
data/Safe/int_video1_frame000474.jpg,0,Safe,Safe
data/High/yt_video1_frame001022.jpg,2,High Risk,High
data/Safe/frame47053_image.jpg,0,Safe,Safe
data/High/frame1409_inst_label.png,2,High Risk,High
data/Safe/frame4703_image.jpg,0,Safe,Safe
data/Safe/yt_video2_frame001403.jpg,0,Safe,Safe
data/High/frame42802_label.png,2,High Risk,High
data/High/82e28f9b-4ca0180e.jpg,2,High Risk,High
data/High/yt_video1_frame000784.jpg,2,High Risk,High
data/High/yt_video2_frame003803.jpg,2,High Risk,High
data/Safe/yt_video2_frame004385.jpg,0,Safe,Safe
data/Safe/yt_video1_frame002445.jpg,0,Safe,Safe
data/High/03aa1144-c167799a.jpg,2,High Risk,High
data/High/custom_moderate_city_traffic_0073.jpg,2,High Risk,High
data/High/267bb761-b3b8641e.jpg,2,High Risk,High
data/High/custom_safe_highway_0026.jpg,2,High Risk,High
data/Safe/yt_video2_frame000446.jpg,0,Safe,Safe
data/High/0003132_image.jpg,2,High Risk,High
data/Safe/int_video1_frame000573.jpg,0,Safe,Safe
data/High/7e375274-aaaccf4f.jpg,2,High Risk,High
data/High/yt_video2_frame003736.jpg,2,High Risk,High
data/Moderate/yt_video1_frame003971.jpg,1,Moderate Risk,Moderate
data/Safe/int_video3_frame000624.jpg,0,Safe,Safe
data/Moderate/yt_video2_frame001111.jpg,1,Moderate Risk,Moderate
data/Safe/int_video1_frame000328.jpg,0,Safe,Safe
data/Safe/yt_video1_frame000508.jpg,0,Safe,Safe
data/Safe/yt_video1_frame003452.jpg,0,Safe,Safe
data/Safe/frame11708_image.jpg,0,Safe,Safe
data/Safe/int_video1_frame000079.jpg,0,Safe,Safe
data/High/947011_label.png,2,High Risk,High
data/Moderate/yt_video2_frame001449.jpg,1,Moderate Risk,Moderate
data/Safe/int_video1_frame000099.jpg,0,Safe,Safe
data/High/custom_high_risk_rain_0077.jpg,2,High Risk,High
data/High/4b9e5027-3fe7abed.jpg,2,High Risk,High
data/Safe/007147_image.jpg,0,Safe,Safe
data/High/0252f2b5-2e69185a.jpg,2,High Risk,High
data/High/yt_video2_frame003647.jpg,2,High Risk,High
data/High/custom_moderate_city_traffic_0054.jpg,2,High Risk,High
data/High/custom_high_risk_rain_0113.jpg,2,High Risk,High
data/High/yt_video1_frame000877.jpg,2,High Risk,High
data/Safe/yt_video2_frame002223.jpg,0,Safe,Safe
data/Safe/int_video2_frame000473.jpg,0,Safe,Safe
data/High/83a54aff-74aa6dbf.jpg,2,High Risk,High
data/High/yt_video1_frame000688.jpg,2,High Risk,High
data/High/yt_video3_frame004542.jpg,2,High Risk,High
data/Moderate/custom_moderate_city_traffic_0087.jpg,1,Moderate Risk,Moderate
data/Moderate/yt_video2_frame004160.jpg,1,Moderate Risk,Moderate
data/High/int_video3_frame003535.jpg,2,High Risk,High
data/Safe/int_video2_frame000359.jpg,0,Safe,Safe
data/Moderate/aef25aa7-ede78469.jpg,1,Moderate Risk,Moderate
data/Safe/int_video2_frame000683.jpg,0,Safe,Safe
data/High/yt_video1_frame003238.jpg,2,High Risk,High
data/Safe/int_video3_frame003982.jpg,0,Safe,Safe
data/High/339ea476-0bce1ab7.jpg,2,High Risk,High
data/High/20833cc9-28773ed8.jpg,2,High Risk,High
data/High/a48fd21c-f9c165b7.jpg,2,High Risk,High
data/High/021106_label.png,2,High Risk,High
data/High/086f115c-47307bfb.jpg,2,High Risk,High
data/Safe/yt_video1_frame002025.jpg,0,Safe,Safe
data/Safe/int_video2_frame000004.jpg,0,Safe,Safe
data/High/41ec16ed-537efef7.jpg,2,High Risk,High
data/Safe/int_video3_frame001642.jpg,0,Safe,Safe
data/Safe/int_video3_frame002745.jpg,0,Safe,Safe
data/Safe/yt_video2_frame001134.jpg,0,Safe,Safe
data/Safe/yt_video2_frame001431.jpg,0,Safe,Safe
data/High/yt_video3_frame006375.jpg,2,High Risk,High
data/Safe/int_video3_frame001321.jpg,0,Safe,Safe
data/High/yt_video1_frame000119.jpg,2,High Risk,High
data/High/yt_video3_frame007852.jpg,2,High Risk,High
data/High/893c1b9f-ede0fd94.jpg,2,High Risk,High
data/High/yt_video3_frame010060.jpg,2,High Risk,High
data/High/frame5867_label.png,2,High Risk,High
data/Moderate/yt_video1_frame000588.jpg,1,Moderate Risk,Moderate
data/High/yt_video3_frame002984.jpg,2,High Risk,High
data/High/5ea4a6cb-c25e1022.jpg,2,High Risk,High
data/High/yt_video3_frame002458.jpg,2,High Risk,High
data/High/yt_video1_frame002275.jpg,2,High Risk,High
data/Safe/5c5b0072-3553b39f.jpg,0,Safe,Safe
data/High/custom_high_risk_rain_0130.jpg,2,High Risk,High
data/High/5a1ed081-b1b36a7d.jpg,2,High Risk,High
data/Safe/int_video3_frame003488.jpg,0,Safe,Safe
data/High/frame5324_label.png,2,High Risk,High
data/High/017729_inst_label.png,2,High Risk,High
data/Safe/int_video2_frame000090.jpg,0,Safe,Safe
data/Safe/custom_safe_highway_0008.jpg,0,Safe,Safe
data/High/2f1b41c1-cf6a5698.jpg,2,High Risk,High
data/Safe/yt_video3_frame001274.jpg,0,Safe,Safe
data/High/2100ed96-5a928bff.jpg,2,High Risk,High
data/Moderate/yt_video2_frame000282.jpg,1,Moderate Risk,Moderate
data/High/728cdd38-48ce6f78.jpg,2,High Risk,High
data/High/yt_video1_frame003172.jpg,2,High Risk,High
data/High/int_video3_frame001483.jpg,2,High Risk,High
data/High/custom_moderate_city_traffic_0038.jpg,2,High Risk,High
data/High/yt_video1_frame002629.jpg,2,High Risk,High
data/High/frame2613_inst_label.png,2,High Risk,High
data/Safe/int_video1_frame000355.jpg,0,Safe,Safe
data/High/yt_video1_frame001389.jpg,2,High Risk,High
data/High/yt_video3_frame012896.jpg,2,High Risk,High
data/Moderate/int_video3_frame003980.jpg,1,Moderate Risk,Moderate
data/Moderate/yt_video1_frame000223.jpg,1,Moderate Risk,Moderate
data/High/74b76706-b127ba12.jpg,2,High Risk,High
data/High/266964_label.png,2,High Risk,High
data/High/58fcc210-3a3a8921.jpg,2,High Risk,High
data/Safe/int_video1_frame000535.jpg,0,Safe,Safe
data/Safe/int_video2_frame000482.jpg,0,Safe,Safe
data/Safe/08c793fc-23c63a9b.jpg,0,Safe,Safe
data/High/int_video3_frame002375.jpg,2,High Risk,High
data/High/246109_label.png,2,High Risk,High
data/Safe/int_video3_frame003443.jpg,0,Safe,Safe
data/High/custom_moderate_city_traffic_0050.jpg,2,High Risk,High
data/High/23168fa7-72439ce0.jpg,2,High Risk,High
data/Safe/int_video2_frame000339.jpg,0,Safe,Safe
data/Safe/yt_video2_frame001411.jpg,0,Safe,Safe
data/Safe/int_video3_frame001586.jpg,0,Safe,Safe
data/High/73b09461-922a67d0.jpg,2,High Risk,High
data/Safe/int_video2_frame000016.jpg,0,Safe,Safe
data/Safe/int_video3_frame003805.jpg,0,Safe,Safe
data/High/yt_video3_frame011779.jpg,2,High Risk,High
data/High/yt_video2_frame003870.jpg,2,High Risk,High
data/Safe/a6cf49be-0d95e94b.jpg,0,Safe,Safe
data/Safe/int_video1_frame000164.jpg,0,Safe,Safe
data/High/yt_video3_frame004383.jpg,2,High Risk,High
data/Safe/int_video2_frame000248.jpg,0,Safe,Safe
data/Safe/custom_moderate_city_traffic_0127.jpg,0,Safe,Safe
data/High/custom_safe_highway_0032.jpg,2,High Risk,High
data/Safe/yt_video3_frame008611.jpg,0,Safe,Safe
data/High/010409_label.png,2,High Risk,High
data/High/yt_video1_frame001893.jpg,2,High Risk,High
data/Moderate/yt_video3_frame000112.jpg,1,Moderate Risk,Moderate
data/High/yt_video3_frame013480.jpg,2,High Risk,High
data/High/757353_image.jpg,2,High Risk,High
data/Safe/164d0b8b-22091b24.jpg,0,Safe,Safe
data/High/854592_label.png,2,High Risk,High
data/High/506b3495-0bb7b291.jpg,2,High Risk,High
data/High/2a133e69-6cad5a1a.jpg,2,High Risk,High
data/Safe/int_video2_frame000056.jpg,0,Safe,Safe
data/Moderate/yt_video2_frame001820.jpg,1,Moderate Risk,Moderate
data/Moderate/yt_video1_frame003134.jpg,1,Moderate Risk,Moderate
data/High/yt_video3_frame012162.jpg,2,High Risk,High
data/High/440778_inst_label.png,2,High Risk,High
data/Safe/custom_safe_highway_0105.jpg,0,Safe,Safe
data/Safe/int_video1_frame000406.jpg,0,Safe,Safe
data/High/int_video3_frame003211.jpg,2,High Risk,High
data/Safe/int_video1_frame000172.jpg,0,Safe,Safe
data/High/yt_video3_frame006361.jpg,2,High Risk,High
data/Safe/int_video1_frame000157.jpg,0,Safe,Safe
data/Safe/int_video2_frame000494.jpg,0,Safe,Safe
data/High/731920_inst_label.png,2,High Risk,High
data/High/int_video3_frame000444.jpg,2,High Risk,High
data/High/yt_video3_frame003231.jpg,2,High Risk,High
data/High/yt_video1_frame000969.jpg,2,High Risk,High
data/Safe/int_video2_frame000646.jpg,0,Safe,Safe
data/Safe/int_video2_frame000154.jpg,0,Safe,Safe
data/High/yt_video2_frame001804.jpg,2,High Risk,High
data/High/553c3b79-1a35db3e.jpg,2,High Risk,High
data/Safe/int_video2_frame000338.jpg,0,Safe,Safe
data/High/custom_safe_highway_0012.jpg,2,High Risk,High
data/Safe/int_video2_frame000630.jpg,0,Safe,Safe
data/High/948115_label.png,2,High Risk,High
data/High/029989_inst_label.png,2,High Risk,High
data/Safe/int_video3_frame004288.jpg,0,Safe,Safe
data/High/custom_safe_highway_0148.jpg,2,High Risk,High
data/High/frame55703_inst_label.png,2,High Risk,High
data/Moderate/020687_image.jpg,1,Moderate Risk,Moderate
data/High/yt_video2_frame004050.jpg,2,High Risk,High
data/Safe/custom_safe_highway_0084.jpg,0,Safe,Safe
data/High/frame20476_label.png,2,High Risk,High
data/High/yt_video3_frame005673.jpg,2,High Risk,High
data/Safe/int_video1_frame000521.jpg,0,Safe,Safe
data/High/yt_video1_frame003531.jpg,2,High Risk,High
data/Safe/int_video1_frame000408.jpg,0,Safe,Safe
data/High/yt_video1_frame002074.jpg,2,High Risk,High
data/High/222d61fa-bdb60cac.jpg,2,High Risk,High
data/High/yt_video1_frame003235.jpg,2,High Risk,High
data/High/yt_video1_frame000930.jpg,2,High Risk,High
data/High/420933eb-0e0e5636.jpg,2,High Risk,High
data/Safe/b1d59b1f-a38aec79.jpg,0,Safe,Safe
data/High/017729_label.png,2,High Risk,High
data/Safe/frame0359_image.jpg,0,Safe,Safe
data/High/frame10488_label.png,2,High Risk,High
data/Safe/int_video2_frame000633.jpg,0,Safe,Safe
data/High/391435_label.png,2,High Risk,High
data/High/frame11653_inst_label.png,2,High Risk,High
data/High/yt_video1_frame001025.jpg,2,High Risk,High
data/High/84643961-a14bcec8.jpg,2,High Risk,High
data/High/yt_video2_frame003466.jpg,2,High Risk,High
data/Safe/int_video1_frame000572.jpg,0,Safe,Safe
data/Safe/yt_video2_frame001305.jpg,0,Safe,Safe
data/High/402482_image.jpg,2,High Risk,High
data/Safe/custom_moderate_city_traffic_0097.jpg,0,Safe,Safe
data/High/yt_video1_frame004400.jpg,2,High Risk,High
data/Safe/yt_video1_frame001600.jpg,0,Safe,Safe
data/High/yt_video1_frame003390.jpg,2,High Risk,High
data/High/frame9899_image.jpg,2,High Risk,High
data/High/yt_video2_frame001003.jpg,2,High Risk,High
data/Safe/050e2e1a-849d67d4.jpg,0,Safe,Safe
data/High/yt_video2_frame003380.jpg,2,High Risk,High
data/High/85f3f250-e536f712.jpg,2,High Risk,High
data/High/yt_video2_frame004320.jpg,2,High Risk,High
data/High/frame55262_label.png,2,High Risk,High
data/Safe/int_video3_frame002955.jpg,0,Safe,Safe
data/High/6b66e427-ce4e6edb.jpg,2,High Risk,High
data/Safe/int_video1_frame000232.jpg,0,Safe,Safe
data/Safe/int_video3_frame003810.jpg,0,Safe,Safe
data/High/yt_video2_frame004103.jpg,2,High Risk,High
data/High/240284_image.jpg,2,High Risk,High
data/High/020123_image.jpg,2,High Risk,High
data/High/yt_video1_frame000900.jpg,2,High Risk,High
data/Safe/int_video2_frame000503.jpg,0,Safe,Safe
data/Moderate/yt_video1_frame001153.jpg,1,Moderate Risk,Moderate
data/High/1035bd63-ccca27ee.jpg,2,High Risk,High
data/High/frame3750_inst_label.png,2,High Risk,High
data/High/443515_inst_label.png,2,High Risk,High
data/Safe/bb0d0a55-6e9e48be.jpg,0,Safe,Safe
data/Safe/int_video1_frame000010.jpg,0,Safe,Safe
data/Moderate/438410_image.jpg,1,Moderate Risk,Moderate
data/High/1a3a8552-293f6a45.jpg,2,High Risk,High
data/Safe/int_video2_frame000167.jpg,0,Safe,Safe
data/High/yt_video1_frame000226.jpg,2,High Risk,High
data/Safe/int_video3_frame001499.jpg,0,Safe,Safe
data/High/yt_video3_frame008341.jpg,2,High Risk,High
data/High/custom_moderate_city_traffic_0108.jpg,2,High Risk,High
data/Moderate/yt_video2_frame004715.jpg,1,Moderate Risk,Moderate
data/High/yt_video3_frame004707.jpg,2,High Risk,High
data/High/yt_video3_frame000421.jpg,2,High Risk,High
data/High/int_video3_frame000359.jpg,2,High Risk,High
data/Safe/int_video3_frame000178.jpg,0,Safe,Safe
data/Safe/int_video2_frame000224.jpg,0,Safe,Safe
data/High/custom_high_risk_rain_0025.jpg,2,High Risk,High
data/High/yt_video1_frame001950.jpg,2,High Risk,High
data/High/custom_moderate_city_traffic_0091.jpg,2,High Risk,High
data/Safe/yt_video1_frame002432.jpg,0,Safe,Safe
data/High/015676_inst_label.png,2,High Risk,High
data/Safe/int_video2_frame000050.jpg,0,Safe,Safe
data/High/1f2adee2-cf47182b.jpg,2,High Risk,High
data/Safe/int_video2_frame000066.jpg,0,Safe,Safe
data/High/5250cae5-3a62b966.jpg,2,High Risk,High
data/Safe/yt_video2_frame004643.jpg,0,Safe,Safe
data/High/yt_video2_frame003428.jpg,2,High Risk,High
data/High/yt_video2_frame004143.jpg,2,High Risk,High
data/High/frame2958_label.png,2,High Risk,High
data/Safe/int_video1_frame000380.jpg,0,Safe,Safe
data/High/yt_video1_frame004005.jpg,2,High Risk,High
data/High/yt_video3_frame006075.jpg,2,High Risk,High
data/High/yt_video3_frame008640.jpg,2,High Risk,High
data/High/888262_label.png,2,High Risk,High
data/High/0004379_inst_label.png,2,High Risk,High
data/Safe/int_video2_frame000431.jpg,0,Safe,Safe
data/Safe/int_video2_frame000214.jpg,0,Safe,Safe
data/High/frame32408_label.png,2,High Risk,High
data/Safe/int_video1_frame000001.jpg,0,Safe,Safe
data/High/a62c18f0-be6cb90a.jpg,2,High Risk,High
data/Safe/int_video1_frame000265.jpg,0,Safe,Safe
data/High/0020428_label.png,2,High Risk,High
data/Safe/int_video1_frame000244.jpg,0,Safe,Safe
data/High/245825_label.png,2,High Risk,High
data/High/9a9e4916-3f890087.jpg,2,High Risk,High
data/High/yt_video3_frame005866.jpg,2,High Risk,High
data/Safe/2357db00-7b7930b2.jpg,0,Safe,Safe
data/High/yt_video3_frame001779.jpg,2,High Risk,High
data/High/yt_video2_frame002068.jpg,2,High Risk,High
data/Safe/custom_safe_highway_0065.jpg,0,Safe,Safe
data/High/yt_video2_frame004126.jpg,2,High Risk,High
data/Moderate/yt_video2_frame002151.jpg,1,Moderate Risk,Moderate
data/High/yt_video2_frame001056.jpg,2,High Risk,High
data/High/custom_safe_highway_0053.jpg,2,High Risk,High
data/High/19eda71d-9e1c3bf2.jpg,2,High Risk,High
data/High/0f026efa-37f39d4a.jpg,2,High Risk,High
data/High/yt_video3_frame003865.jpg,2,High Risk,High
data/High/yt_video1_frame002081.jpg,2,High Risk,High
data/High/frame1340_inst_label.png,2,High Risk,High
data/High/012668_image.jpg,2,High Risk,High
data/High/yt_video1_frame001531.jpg,2,High Risk,High
data/Safe/int_video3_frame003131.jpg,0,Safe,Safe
data/High/yt_video3_frame009720.jpg,2,High Risk,High
data/Safe/int_video1_frame000020.jpg,0,Safe,Safe
data/Safe/int_video3_frame000675.jpg,0,Safe,Safe
data/Safe/int_video3_frame005631.jpg,0,Safe,Safe
data/High/yt_video2_frame002044.jpg,2,High Risk,High
data/High/int_video3_frame000426.jpg,2,High Risk,High
data/High/553c3b79-572373c8.jpg,2,High Risk,High
data/Safe/int_video1_frame000310.jpg,0,Safe,Safe
data/High/40cc8928-4ead92c7.jpg,2,High Risk,High
data/High/int_video3_frame001382.jpg,2,High Risk,High
data/High/c6866060-6e8de1dd.jpg,2,High Risk,High
data/Safe/int_video3_frame004914.jpg,0,Safe,Safe
data/High/yt_video3_frame005664.jpg,2,High Risk,High
data/High/frame1769_inst_label.png,2,High Risk,High
data/Safe/int_video3_frame004915.jpg,0,Safe,Safe
data/High/117671_label.png,2,High Risk,High
data/Moderate/custom_high_risk_rain_0029.jpg,1,Moderate Risk,Moderate
data/Moderate/custom_moderate_city_traffic_0064.jpg,1,Moderate Risk,Moderate
data/Safe/int_video2_frame000578.jpg,0,Safe,Safe
data/High/004655_label.png,2,High Risk,High
data/High/int_video3_frame002635.jpg,2,High Risk,High
data/High/yt_video1_frame004091.jpg,2,High Risk,High
data/Safe/int_video2_frame000194.jpg,0,Safe,Safe
data/Safe/int_video1_frame000344.jpg,0,Safe,Safe
data/High/custom_safe_highway_0109.jpg,2,High Risk,High
data/Safe/int_video3_frame000215.jpg,0,Safe,Safe
data/Safe/int_video2_frame000332.jpg,0,Safe,Safe
data/High/custom_safe_highway_0168.jpg,2,High Risk,High
data/Safe/int_video2_frame000447.jpg,0,Safe,Safe
data/Moderate/yt_video1_frame003101.jpg,1,Moderate Risk,Moderate
data/Moderate/yt_video3_frame006936.jpg,1,Moderate Risk,Moderate
data/High/379683b4-1235749b.jpg,2,High Risk,High
data/High/563753_inst_label.png,2,High Risk,High
data/High/yt_video2_frame000570.jpg,2,High Risk,High
data/High/int_video3_frame001724.jpg,2,High Risk,High
data/High/940205_label.png,2,High Risk,High
data/High/yt_video1_frame002704.jpg,2,High Risk,High
data/High/custom_moderate_city_traffic_0135.jpg,2,High Risk,High
data/High/9da1aebb-595f7e85.jpg,2,High Risk,High
data/High/yt_video1_frame001062.jpg,2,High Risk,High
data/Safe/int_video3_frame001981.jpg,0,Safe,Safe
data/High/yt_video1_frame003402.jpg,2,High Risk,High
data/Safe/14306a74-e4af5b68.jpg,0,Safe,Safe
data/High/yt_video2_frame003318.jpg,2,High Risk,High
data/High/019239_label.png,2,High Risk,High
data/Moderate/custom_moderate_city_traffic_0119.jpg,1,Moderate Risk,Moderate
data/High/4a5899ac-bb1330dc.jpg,2,High Risk,High
data/Moderate/frame17299_image.jpg,1,Moderate Risk,Moderate
data/Safe/int_video3_frame005619.jpg,0,Safe,Safe
data/Safe/int_video3_frame005257.jpg,0,Safe,Safe
data/High/int_video3_frame001453.jpg,2,High Risk,High
data/Safe/yt_video2_frame002267.jpg,0,Safe,Safe
data/Safe/yt_video2_frame004688.jpg,0,Safe,Safe
data/High/205117_image.jpg,2,High Risk,High
data/High/yt_video3_frame004876.jpg,2,High Risk,High
data/Safe/int_video1_frame000082.jpg,0,Safe,Safe
data/Safe/201ca07d-e9bd58c6.jpg,0,Safe,Safe
data/High/yt_video1_frame002022.jpg,2,High Risk,High
data/High/yt_video1_frame001138.jpg,2,High Risk,High
data/High/yt_video3_frame000613.jpg,2,High Risk,High
data/Moderate/959b01c4-450e8151.jpg,1,Moderate Risk,Moderate
data/Moderate/yt_video2_frame003036.jpg,1,Moderate Risk,Moderate
data/Safe/int_video1_frame000393.jpg,0,Safe,Safe
data/High/856978_inst_label.png,2,High Risk,High
data/Moderate/yt_video2_frame002473.jpg,1,Moderate Risk,Moderate
data/Safe/int_video1_frame000348.jpg,0,Safe,Safe
data/High/int_video3_frame002358.jpg,2,High Risk,High
data/High/frame9971_image.jpg,2,High Risk,High
data/High/frame5161_label.png,2,High Risk,High
data/High/yt_video2_frame002693.jpg,2,High Risk,High
data/High/c4fb8930-2ff82458.jpg,2,High Risk,High
data/High/yt_video1_frame003561.jpg,2,High Risk,High
data/Safe/yt_video2_frame002652.jpg,0,Safe,Safe
data/High/2f3aeb76-a81d1ca3.jpg,2,High Risk,High
data/High/8507de24-fc718197.jpg,2,High Risk,High
data/Safe/int_video2_frame000126.jpg,0,Safe,Safe
data/Safe/yt_video2_frame001209.jpg,0,Safe,Safe
data/High/yt_video2_frame003873.jpg,2,High Risk,High
data/High/int_video3_frame001379.jpg,2,High Risk,High
data/High/06d54ae6-bf7ed032.jpg,2,High Risk,High
data/High/yt_video2_frame000555.jpg,2,High Risk,High
data/High/848588_image.jpg,2,High Risk,High
data/High/yt_video1_frame004036.jpg,2,High Risk,High
data/High/yt_video3_frame012705.jpg,2,High Risk,High
data/High/973352_inst_label.png,2,High Risk,High
data/Safe/frame45453_image.jpg,0,Safe,Safe
data/Safe/5e56be93-06c66071.jpg,0,Safe,Safe
data/High/1f6ce0d3-26085414.jpg,2,High Risk,High
data/High/8732f798-72c7d7d1.jpg,2,High Risk,High
data/High/04d0ac8f-e2bfd3c8.jpg,2,High Risk,High
data/High/4be42db2-f769c3f5.jpg,2,High Risk,High
data/Safe/4f45d5ce-d87a28f1.jpg,0,Safe,Safe
data/High/023213_inst_label.png,2,High Risk,High
data/Moderate/yt_video1_frame000340.jpg,1,Moderate Risk,Moderate
data/Moderate/019c4fa9-d4219327.jpg,1,Moderate Risk,Moderate
data/Safe/int_video2_frame000637.jpg,0,Safe,Safe
data/Safe/2bdf27bd-28f61766.jpg,0,Safe,Safe
data/High/yt_video3_frame011174.jpg,2,High Risk,High
data/Moderate/custom_moderate_city_traffic_0061.jpg,1,Moderate Risk,Moderate
data/High/55a166b1-d6a5c43d.jpg,2,High Risk,High
data/Safe/int_video1_frame000111.jpg,0,Safe,Safe
data/High/yt_video1_frame001889.jpg,2,High Risk,High
data/High/02521568-a335c1a0.jpg,2,High Risk,High
data/Safe/yt_video1_frame003129.jpg,0,Safe,Safe
data/Moderate/yt_video3_frame001299.jpg,1,Moderate Risk,Moderate
data/High/0026793_image.jpg,2,High Risk,High
data/Safe/int_video2_frame000614.jpg,0,Safe,Safe
data/Moderate/yt_video2_frame002261.jpg,1,Moderate Risk,Moderate
data/High/090616_inst_label.png,2,High Risk,High
data/Safe/yt_video2_frame000358.jpg,0,Safe,Safe
data/High/custom_safe_highway_0161.jpg,2,High Risk,High
data/High/yt_video1_frame001929.jpg,2,High Risk,High
data/Safe/int_video3_frame000200.jpg,0,Safe,Safe
data/Safe/int_video1_frame000455.jpg,0,Safe,Safe
data/High/yt_video1_frame000943.jpg,2,High Risk,High
data/High/yt_video1_frame001563.jpg,2,High Risk,High
data/High/7b7195a8-5866c244.jpg,2,High Risk,High
data/Safe/custom_high_risk_rain_0124.jpg,0,Safe,Safe
data/High/yt_video2_frame003489.jpg,2,High Risk,High
data/High/7bb0000a-ee3c1b83.jpg,2,High Risk,High
data/High/frame47612_inst_label.png,2,High Risk,High
data/High/yt_video1_frame004133.jpg,2,High Risk,High
data/High/int_video3_frame000120.jpg,2,High Risk,High
data/High/54496929-32a8400a.jpg,2,High Risk,High
data/Safe/int_video1_frame000200.jpg,0,Safe,Safe
data/High/yt_video3_frame005446.jpg,2,High Risk,High
data/High/yt_video3_frame003362.jpg,2,High Risk,High
data/Safe/int_video1_frame000194.jpg,0,Safe,Safe
data/High/yt_video2_frame003175.jpg,2,High Risk,High
data/High/804403_image.jpg,2,High Risk,High
data/High/frame12621_image.jpg,2,High Risk,High
data/High/97791a00-81400a05.jpg,2,High Risk,High
data/Safe/custom_safe_highway_0050.jpg,0,Safe,Safe
data/High/yt_video1_frame004198.jpg,2,High Risk,High
data/High/yt_video3_frame008823.jpg,2,High Risk,High
data/High/yt_video1_frame001427.jpg,2,High Risk,High
data/High/601555_image.jpg,2,High Risk,High
data/Safe/int_video2_frame000416.jpg,0,Safe,Safe
data/High/016089_inst_label.png,2,High Risk,High
data/High/yt_video3_frame008220.jpg,2,High Risk,High
data/Safe/yt_video2_frame003020.jpg,0,Safe,Safe
data/High/yt_video1_frame004449.jpg,2,High Risk,High
data/High/yt_video1_frame000738.jpg,2,High Risk,High
data/High/yt_video2_frame003340.jpg,2,High Risk,High
data/High/frame2369_label.png,2,High Risk,High
data/High/yt_video3_frame005694.jpg,2,High Risk,High
data/High/yt_video1_frame003746.jpg,2,High Risk,High
data/High/custom_high_risk_rain_0046.jpg,2,High Risk,High
data/High/yt_video3_frame010433.jpg,2,High Risk,High
data/Safe/int_video2_frame000273.jpg,0,Safe,Safe
data/Safe/int_video3_frame000342.jpg,0,Safe,Safe
data/High/676673_label.png,2,High Risk,High
data/Safe/int_video1_frame000166.jpg,0,Safe,Safe
data/High/yt_video2_frame003761.jpg,2,High Risk,High
data/High/int_video3_frame003621.jpg,2,High Risk,High
data/Safe/yt_video2_frame004502.jpg,0,Safe,Safe
data/High/frame47612_image.jpg,2,High Risk,High
data/Moderate/int_video3_frame001984.jpg,1,Moderate Risk,Moderate
data/Safe/019604_image.jpg,0,Safe,Safe
data/Safe/int_video1_frame000051.jpg,0,Safe,Safe
data/High/b3e18480-118f9e2f.jpg,2,High Risk,High
data/Safe/int_video1_frame000610.jpg,0,Safe,Safe
data/Moderate/8f1fc728-c314fd21.jpg,1,Moderate Risk,Moderate
data/High/yt_video1_frame003826.jpg,2,High Risk,High
data/Safe/int_video2_frame000576.jpg,0,Safe,Safe
data/High/9a0dd6b2-3ad004b1.jpg,2,High Risk,High
data/High/31189da5-f69b5427.jpg,2,High Risk,High
data/High/yt_video3_frame009226.jpg,2,High Risk,High
data/High/566200_image.jpg,2,High Risk,High
data/Safe/int_video2_frame000626.jpg,0,Safe,Safe
data/High/125671_inst_label.png,2,High Risk,High
data/High/633455_label.png,2,High Risk,High
data/Safe/int_video1_frame000218.jpg,0,Safe,Safe
data/High/yt_video3_frame009420.jpg,2,High Risk,High
data/Moderate/yt_video2_frame000866.jpg,1,Moderate Risk,Moderate
data/Moderate/yt_video2_frame001494.jpg,1,Moderate Risk,Moderate
data/Moderate/yt_video1_frame003613.jpg,1,Moderate Risk,Moderate
data/High/yt_video3_frame004908.jpg,2,High Risk,High
data/High/37cbd622-809170b8.jpg,2,High Risk,High
data/High/209f828f-97b77405.jpg,2,High Risk,High
data/High/yt_video2_frame003900.jpg,2,High Risk,High
data/High/0012656_image.jpg,2,High Risk,High
data/High/511648_image.jpg,2,High Risk,High
data/High/yt_video3_frame013148.jpg,2,High Risk,High
data/High/50c76922-d55043b0.jpg,2,High Risk,High
data/High/int_video3_frame002684.jpg,2,High Risk,High
data/Safe/int_video1_frame000123.jpg,0,Safe,Safe
data/High/frame104100_label.png,2,High Risk,High
data/Safe/int_video1_frame000004.jpg,0,Safe,Safe
data/Safe/8585f7d8-24702fca.jpg,0,Safe,Safe
data/High/4220cbf2-b971aac1.jpg,2,High Risk,High
data/Safe/int_video2_frame000410.jpg,0,Safe,Safe
data/Safe/int_video1_frame000361.jpg,0,Safe,Safe
data/High/yt_video1_frame002014.jpg,2,High Risk,High
data/High/yt_video2_frame001526.jpg,2,High Risk,High
data/Safe/int_video1_frame000489.jpg,0,Safe,Safe
data/Safe/int_video2_frame000198.jpg,0,Safe,Safe
data/Safe/int_video2_frame000376.jpg,0,Safe,Safe
data/Safe/int_video1_frame000177.jpg,0,Safe,Safe
data/High/yt_video2_frame003375.jpg,2,High Risk,High
data/Safe/int_video1_frame000276.jpg,0,Safe,Safe
data/High/2acfcd8d-c7786f56.jpg,2,High Risk,High
data/High/441440_image.jpg,2,High Risk,High
data/Safe/yt_video2_frame000412.jpg,0,Safe,Safe
data/Safe/int_video1_frame000578.jpg,0,Safe,Safe
data/Safe/int_video2_frame000306.jpg,0,Safe,Safe
data/Safe/yt_video1_frame002927.jpg,0,Safe,Safe
data/Safe/int_video1_frame000258.jpg,0,Safe,Safe
data/Safe/yt_video2_frame002159.jpg,0,Safe,Safe
data/Safe/int_video1_frame000044.jpg,0,Safe,Safe
data/Safe/int_video3_frame003270.jpg,0,Safe,Safe
data/High/829611_label.png,2,High Risk,High
data/High/yt_video2_frame003714.jpg,2,High Risk,High
data/High/yt_video3_frame007243.jpg,2,High Risk,High
data/Safe/afc3456c-b6b9a65d.jpg,0,Safe,Safe
data/High/7312a1fa-aef18b67.jpg,2,High Risk,High
data/High/7085ac8a-0094c392.jpg,2,High Risk,High
data/High/c242b4b8-f07bddfe.jpg,2,High Risk,High
data/High/458896_inst_label.png,2,High Risk,High
data/High/yt_video3_frame008808.jpg,2,High Risk,High
data/Moderate/yt_video1_frame003374.jpg,1,Moderate Risk,Moderate
data/High/08e3c891-51d3dce6.jpg,2,High Risk,High
data/High/int_video3_frame003331.jpg,2,High Risk,High
data/Moderate/556fc734-f3ad450b.jpg,1,Moderate Risk,Moderate
data/High/90e6fe7a-b8617ee7.jpg,2,High Risk,High
data/High/custom_moderate_city_traffic_0076.jpg,2,High Risk,High
data/High/yt_video1_frame001013.jpg,2,High Risk,High
data/Safe/int_video1_frame000444.jpg,0,Safe,Safe
data/Safe/int_video2_frame000073.jpg,0,Safe,Safe
data/High/yt_video3_frame009714.jpg,2,High Risk,High
data/High/int_video3_frame002683.jpg,2,High Risk,High
data/High/yt_video2_frame000518.jpg,2,High Risk,High
data/High/custom_high_risk_rain_0002.jpg,2,High Risk,High
data/Moderate/custom_moderate_city_traffic_0034.jpg,1,Moderate Risk,Moderate
data/High/custom_safe_highway_0120.jpg,2,High Risk,High
data/High/int_video3_frame003708.jpg,2,High Risk,High
data/Safe/4d49b398-5bc29d32.jpg,0,Safe,Safe
data/Safe/int_video1_frame000477.jpg,0,Safe,Safe
data/Safe/yt_video2_frame001147.jpg,0,Safe,Safe
data/High/0030390_image.jpg,2,High Risk,High
data/High/652073_inst_label.png,2,High Risk,High
data/High/633180_label.png,2,High Risk,High
data/Safe/int_video1_frame000116.jpg,0,Safe,Safe
data/High/frame0992_inst_label.png,2,High Risk,High
data/High/int_video3_frame004129.jpg,2,High Risk,High
data/High/int_video3_frame000009.jpg,2,High Risk,High
data/High/5134da4a-53d81886.jpg,2,High Risk,High
data/High/yt_video3_frame012882.jpg,2,High Risk,High
data/Safe/frame0899_image.jpg,0,Safe,Safe
data/Safe/frame2058_image.jpg,0,Safe,Safe
data/High/yt_video1_frame003435.jpg,2,High Risk,High
data/Safe/int_video3_frame003498.jpg,0,Safe,Safe
data/Safe/int_video2_frame000380.jpg,0,Safe,Safe
data/High/98616cb1-c45d3bab.jpg,2,High Risk,High
data/High/489187_label.png,2,High Risk,High
data/Safe/int_video2_frame000648.jpg,0,Safe,Safe
data/Safe/yt_video2_frame001446.jpg,0,Safe,Safe
data/Safe/int_video2_frame000517.jpg,0,Safe,Safe
data/Safe/int_video3_frame002300.jpg,0,Safe,Safe
data/High/yt_video3_frame009984.jpg,2,High Risk,High
data/Moderate/yt_video2_frame002825.jpg,1,Moderate Risk,Moderate
data/Safe/int_video2_frame000074.jpg,0,Safe,Safe
data/Safe/int_video2_frame000405.jpg,0,Safe,Safe
data/High/9d6823f8-e9e90804.jpg,2,High Risk,High
data/High/0017495_image.jpg,2,High Risk,High
data/High/int_video3_frame001359.jpg,2,High Risk,High
data/Moderate/2169dce8-ca4f28f4.jpg,1,Moderate Risk,Moderate
data/High/0000451_image.jpg,2,High Risk,High
data/Moderate/yt_video1_frame003141.jpg,1,Moderate Risk,Moderate
data/Moderate/1c227a12-10e5552c.jpg,1,Moderate Risk,Moderate
data/High/custom_high_risk_rain_0023.jpg,2,High Risk,High
data/High/103331_inst_label.png,2,High Risk,High
data/High/0006371_inst_label.png,2,High Risk,High
data/High/0002781_label.png,2,High Risk,High
data/High/int_video3_frame005094.jpg,2,High Risk,High
data/High/115d9e12-793f1ad5.jpg,2,High Risk,High
data/High/int_video3_frame004080.jpg,2,High Risk,High
data/High/80eefbe3-239deddd.jpg,2,High Risk,High
data/High/yt_video3_frame002441.jpg,2,High Risk,High
data/High/yt_video1_frame000142.jpg,2,High Risk,High
data/High/yt_video1_frame000895.jpg,2,High Risk,High
data/High/894649_image.jpg,2,High Risk,High
data/Safe/custom_high_risk_rain_0008.jpg,0,Safe,Safe
data/High/int_video3_frame002129.jpg,2,High Risk,High
data/High/28e9d4a5-adb51699.jpg,2,High Risk,High
data/Moderate/18282208-b9fc4d5e.jpg,1,Moderate Risk,Moderate
data/High/frame41502_image.jpg,2,High Risk,High
data/High/yt_video3_frame008095.jpg,2,High Risk,High
data/High/00afa6b9-4efe0141.jpg,2,High Risk,High
data/Safe/int_video3_frame004489.jpg,0,Safe,Safe
data/Safe/000393_image.jpg,0,Safe,Safe
data/High/7ad1c7df-383769c1.jpg,2,High Risk,High
data/High/yt_video2_frame000012.jpg,2,High Risk,High
data/High/yt_video1_frame003014.jpg,2,High Risk,High
data/Safe/yt_video1_frame002047.jpg,0,Safe,Safe
data/High/477753_label.png,2,High Risk,High
data/High/a6d12e21-fc3e2cb4.jpg,2,High Risk,High
data/High/401117_image.jpg,2,High Risk,High
data/Safe/int_video3_frame005510.jpg,0,Safe,Safe
data/Safe/int_video1_frame000346.jpg,0,Safe,Safe
data/High/yt_video3_frame005574.jpg,2,High Risk,High
data/Safe/int_video1_frame000370.jpg,0,Safe,Safe
data/High/2635f6c8-38aa0641.jpg,2,High Risk,High
data/High/030853_label.png,2,High Risk,High
data/High/yt_video1_frame000741.jpg,2,High Risk,High
data/Safe/yt_video1_frame002332.jpg,0,Safe,Safe
data/High/custom_moderate_city_traffic_0049.jpg,2,High Risk,High
data/High/18bf4e49-34790b8e.jpg,2,High Risk,High
data/High/yt_video2_frame002798.jpg,2,High Risk,High
data/High/yt_video2_frame000149.jpg,2,High Risk,High
data/High/66e1650a-ba4f4841.jpg,2,High Risk,High
data/Safe/yt_video1_frame002836.jpg,0,Safe,Safe
data/High/yt_video2_frame003436.jpg,2,High Risk,High
data/Safe/int_video2_frame000220.jpg,0,Safe,Safe
data/Moderate/yt_video2_frame002768.jpg,1,Moderate Risk,Moderate
data/High/483d70a8-ce1e20bf.jpg,2,High Risk,High
data/Safe/int_video2_frame000407.jpg,0,Safe,Safe
data/Safe/yt_video2_frame004672.jpg,0,Safe,Safe
data/High/custom_safe_highway_0014.jpg,2,High Risk,High
data/High/yt_video2_frame003727.jpg,2,High Risk,High
data/Safe/int_video2_frame000089.jpg,0,Safe,Safe
data/Safe/frame3809_image.jpg,0,Safe,Safe
data/Safe/int_video2_frame000010.jpg,0,Safe,Safe
data/Safe/frame4800_image.jpg,0,Safe,Safe
data/High/custom_high_risk_rain_0100.jpg,2,High Risk,High
data/High/yt_video3_frame005014.jpg,2,High Risk,High
data/Safe/yt_video1_frame002875.jpg,0,Safe,Safe
data/High/09be5e77-12dfe434.jpg,2,High Risk,High
data/Safe/int_video2_frame000608.jpg,0,Safe,Safe
data/Safe/int_video2_frame000042.jpg,0,Safe,Safe
data/High/610767_label.png,2,High Risk,High
data/High/yt_video3_frame011323.jpg,2,High Risk,High
data/Safe/int_video1_frame000526.jpg,0,Safe,Safe
data/High/yt_video1_frame000677.jpg,2,High Risk,High
data/Safe/yt_video1_frame000548.jpg,0,Safe,Safe
data/Safe/int_video1_frame000217.jpg,0,Safe,Safe
data/High/yt_video1_frame003237.jpg,2,High Risk,High
data/High/yt_video3_frame005341.jpg,2,High Risk,High
data/High/yt_video2_frame000142.jpg,2,High Risk,High
data/High/yt_video3_frame003478.jpg,2,High Risk,High
data/High/custom_safe_highway_0011.jpg,2,High Risk,High
data/High/405836_inst_label.png,2,High Risk,High
data/Safe/int_video3_frame001271.jpg,0,Safe,Safe
data/Safe/frame13617_image.jpg,0,Safe,Safe
data/High/int_video3_frame002638.jpg,2,High Risk,High
data/Safe/int_video2_frame000169.jpg,0,Safe,Safe
data/Safe/int_video2_frame000665.jpg,0,Safe,Safe
data/High/8021fadf-cd4c6e35.jpg,2,High Risk,High
data/High/yt_video1_frame004320.jpg,2,High Risk,High
data/High/yt_video1_frame002982.jpg,2,High Risk,High
data/Safe/int_video3_frame002012.jpg,0,Safe,Safe
data/High/int_video3_frame005113.jpg,2,High Risk,High
data/High/yt_video1_frame004063.jpg,2,High Risk,High
data/High/custom_moderate_city_traffic_0110.jpg,2,High Risk,High
data/Safe/2fe8c6a4-d0d1c53d.jpg,0,Safe,Safe
data/High/9c8c71db-2be0f038.jpg,2,High Risk,High
data/High/426e9cc6-43341f02.jpg,2,High Risk,High
data/High/yt_video2_frame003393.jpg,2,High Risk,High
data/High/968b4d3e-be9604d8.jpg,2,High Risk,High
data/Safe/int_video1_frame000112.jpg,0,Safe,Safe
data/High/7aac2828-733d11c4.jpg,2,High Risk,High
data/Moderate/yt_video2_frame001376.jpg,1,Moderate Risk,Moderate
data/Safe/int_video3_frame005561.jpg,0,Safe,Safe
data/Safe/687465ab-dd88855e.jpg,0,Safe,Safe
data/High/06ac7da9-1d958101.jpg,2,High Risk,High
data/High/yt_video2_frame002389.jpg,2,High Risk,High
data/Safe/int_video1_frame000224.jpg,0,Safe,Safe
data/Moderate/custom_safe_highway_0083.jpg,1,Moderate Risk,Moderate
data/Safe/int_video2_frame000492.jpg,0,Safe,Safe
data/High/custom_moderate_city_traffic_0058.jpg,2,High Risk,High
data/High/yt_video3_frame010228.jpg,2,High Risk,High
data/High/custom_safe_highway_0061.jpg,2,High Risk,High
data/Safe/int_video2_frame000254.jpg,0,Safe,Safe
data/High/frame45784_label.png,2,High Risk,High
data/High/1c00e339-3774b389.jpg,2,High Risk,High
data/Safe/int_video2_frame000591.jpg,0,Safe,Safe
data/Safe/int_video1_frame000215.jpg,0,Safe,Safe
data/High/yt_video3_frame001898.jpg,2,High Risk,High
data/High/28e812b9-ea673d3f.jpg,2,High Risk,High
data/High/211213_label.png,2,High Risk,High
data/High/5c387bfa-fb0fb637.jpg,2,High Risk,High
data/High/493062_label.png,2,High Risk,High
data/High/custom_safe_highway_0023.jpg,2,High Risk,High
data/Safe/int_video2_frame000231.jpg,0,Safe,Safe
data/High/41f878cb-12e2e9f6.jpg,2,High Risk,High
data/High/5adde598-a86d259e.jpg,2,High Risk,High
data/High/yt_video2_frame000526.jpg,2,High Risk,High
data/High/yt_video2_frame003114.jpg,2,High Risk,High
data/High/yt_video1_frame003165.jpg,2,High Risk,High
data/Moderate/58add71f-531d7f3b.jpg,1,Moderate Risk,Moderate
data/Safe/int_video2_frame000076.jpg,0,Safe,Safe
data/Safe/int_video3_frame003137.jpg,0,Safe,Safe
data/Safe/int_video3_frame003934.jpg,0,Safe,Safe
data/High/433054_inst_label.png,2,High Risk,High
data/High/yt_video3_frame013208.jpg,2,High Risk,High
data/Safe/int_video2_frame000496.jpg,0,Safe,Safe
data/High/yt_video2_frame002709.jpg,2,High Risk,High
data/High/000495_image.jpg,2,High Risk,High
data/High/int_video3_frame003352.jpg,2,High Risk,High
data/High/yt_video2_frame000133.jpg,2,High Risk,High
data/High/b6770025-04eaf87d.jpg,2,High Risk,High
data/Safe/int_video3_frame004255.jpg,0,Safe,Safe
data/High/custom_high_risk_rain_0056.jpg,2,High Risk,High
data/Safe/int_video2_frame000404.jpg,0,Safe,Safe
data/Safe/yt_video2_frame002642.jpg,0,Safe,Safe
data/High/yt_video2_frame000621.jpg,2,High Risk,High
data/Safe/178400_image.jpg,0,Safe,Safe
data/High/32a57c75-ff7b6bf9.jpg,2,High Risk,High
data/High/custom_moderate_city_traffic_0152.jpg,2,High Risk,High
data/High/7ded8cbf-0b5456f2.jpg,2,High Risk,High
data/Moderate/frame2680_image.jpg,1,Moderate Risk,Moderate
data/Safe/int_video1_frame000245.jpg,0,Safe,Safe
data/Safe/int_video2_frame000044.jpg,0,Safe,Safe
data/High/yt_video2_frame003820.jpg,2,High Risk,High
data/High/217562_inst_label.png,2,High Risk,High
data/High/int_video3_frame004281.jpg,2,High Risk,High
data/Safe/int_video2_frame000566.jpg,0,Safe,Safe
data/Moderate/97b3e2d6-f1e5e022.jpg,1,Moderate Risk,Moderate
data/High/021823_image.jpg,2,High Risk,High
data/Safe/int_video2_frame000265.jpg,0,Safe,Safe
data/Safe/int_video1_frame000227.jpg,0,Safe,Safe
data/High/yt_video2_frame002525.jpg,2,High Risk,High
data/High/26747328-a3cb89fc.jpg,2,High Risk,High
data/High/yt_video1_frame004251.jpg,2,High Risk,High
data/Safe/int_video2_frame000245.jpg,0,Safe,Safe
data/High/ace7e7e6-fe2c9a88.jpg,2,High Risk,High
data/High/yt_video2_frame000961.jpg,2,High Risk,High
data/Safe/int_video1_frame000167.jpg,0,Safe,Safe
data/Safe/int_video3_frame000328.jpg,0,Safe,Safe
data/High/186592_label.png,2,High Risk,High
data/Moderate/yt_video1_frame000525.jpg,1,Moderate Risk,Moderate
data/Safe/9f9327a3-d9fa1b57.jpg,0,Safe,Safe
data/High/832d2c1f-e4184d0f.jpg,2,High Risk,High
data/High/yt_video2_frame000238.jpg,2,High Risk,High
data/High/yt_video3_frame008931.jpg,2,High Risk,High
data/High/yt_video1_frame001029.jpg,2,High Risk,High
data/High/1d3f691b-fc170609.jpg,2,High Risk,High
data/Safe/int_video2_frame000595.jpg,0,Safe,Safe
data/High/yt_video1_frame001671.jpg,2,High Risk,High
data/Safe/int_video2_frame000590.jpg,0,Safe,Safe
data/High/9a9006de-a48a64bb.jpg,2,High Risk,High
data/High/206c10a3-59036653.jpg,2,High Risk,High
data/Safe/int_video2_frame000430.jpg,0,Safe,Safe
data/High/yt_video3_frame011151.jpg,2,High Risk,High
data/Safe/int_video2_frame000456.jpg,0,Safe,Safe
data/Moderate/yt_video2_frame001106.jpg,1,Moderate Risk,Moderate
data/Safe/int_video2_frame000475.jpg,0,Safe,Safe
data/High/8b29a9bc-dbbefdc4.jpg,2,High Risk,High
data/Safe/int_video2_frame000180.jpg,0,Safe,Safe
data/Safe/int_video1_frame000599.jpg,0,Safe,Safe
data/Safe/int_video3_frame003263.jpg,0,Safe,Safe
data/Safe/int_video2_frame000653.jpg,0,Safe,Safe
data/High/custom_moderate_city_traffic_0146.jpg,2,High Risk,High
data/High/yt_video2_frame003519.jpg,2,High Risk,High
data/High/6bbb63a9-88b52692.jpg,2,High Risk,High
data/High/726004_label.png,2,High Risk,High
data/Safe/int_video1_frame000241.jpg,0,Safe,Safe
data/Safe/int_video1_frame000052.jpg,0,Safe,Safe
data/High/yt_video1_frame000382.jpg,2,High Risk,High
data/High/yt_video3_frame008292.jpg,2,High Risk,High
data/High/yt_video2_frame004221.jpg,2,High Risk,High
data/Safe/int_video1_frame000271.jpg,0,Safe,Safe
data/High/frame23885_image.jpg,2,High Risk,High
data/Moderate/int_video3_frame003996.jpg,1,Moderate Risk,Moderate
data/High/yt_video2_frame002833.jpg,2,High Risk,High
data/High/0d442bd4-72e35cee.jpg,2,High Risk,High
data/High/frame0456_label.png,2,High Risk,High
data/High/yt_video3_frame013374.jpg,2,High Risk,High
data/Safe/custom_safe_highway_0081.jpg,0,Safe,Safe
data/High/yt_video3_frame010212.jpg,2,High Risk,High
data/Safe/yt_video2_frame001393.jpg,0,Safe,Safe
data/Safe/int_video3_frame003926.jpg,0,Safe,Safe
data/High/frame5774_inst_label.png,2,High Risk,High
data/High/yt_video2_frame000519.jpg,2,High Risk,High
data/Moderate/yt_video1_frame000490.jpg,1,Moderate Risk,Moderate
data/High/yt_video1_frame003298.jpg,2,High Risk,High
data/Safe/int_video1_frame000503.jpg,0,Safe,Safe
data/High/197688_image.jpg,2,High Risk,High
data/Safe/yt_video1_frame003729.jpg,0,Safe,Safe
data/High/33aeeb39-429cf864.jpg,2,High Risk,High
data/Safe/custom_safe_highway_0102.jpg,0,Safe,Safe
data/Safe/int_video3_frame004934.jpg,0,Safe,Safe
data/High/0002963_label.png,2,High Risk,High
data/High/84d21407-9f47c405.jpg,2,High Risk,High
data/High/9c1ca9f9-a7bd3e35.jpg,2,High Risk,High
data/High/1d2090ea-238a239b.jpg,2,High Risk,High
data/Safe/2b293dcd-1da3932a.jpg,0,Safe,Safe
data/Moderate/yt_video2_frame002114.jpg,1,Moderate Risk,Moderate
data/High/yt_video3_frame009722.jpg,2,High Risk,High
data/Safe/int_video1_frame000237.jpg,0,Safe,Safe
data/High/yt_video2_frame002102.jpg,2,High Risk,High
data/High/frame21064_image.jpg,2,High Risk,High
data/Safe/int_video3_frame005221.jpg,0,Safe,Safe
data/High/4c3fba98-f0fb1a15.jpg,2,High Risk,High
data/High/frame6330_image.jpg,2,High Risk,High
data/High/custom_high_risk_rain_0098.jpg,2,High Risk,High
data/High/yt_video1_frame000398.jpg,2,High Risk,High
data/Safe/int_video1_frame000383.jpg,0,Safe,Safe
data/Safe/int_video1_frame000461.jpg,0,Safe,Safe
data/Safe/int_video2_frame000681.jpg,0,Safe,Safe
data/High/yt_video2_frame003457.jpg,2,High Risk,High
data/High/a098af74-9b3a13ac.jpg,2,High Risk,High
data/High/ca130ab2-7f5598b7.jpg,2,High Risk,High
data/High/yt_video3_frame008697.jpg,2,High Risk,High
data/Safe/int_video2_frame000449.jpg,0,Safe,Safe
data/High/yt_video3_frame009973.jpg,2,High Risk,High
data/High/0c140522-227e6f11.jpg,2,High Risk,High
data/High/yt_video2_frame000800.jpg,2,High Risk,High
data/High/int_video3_frame004408.jpg,2,High Risk,High
data/High/yt_video3_frame013801.jpg,2,High Risk,High
data/High/yt_video2_frame001578.jpg,2,High Risk,High
data/High/frame13126_label.png,2,High Risk,High
data/Safe/int_video1_frame000209.jpg,0,Safe,Safe
data/High/283c4da9-fe9ca45a.jpg,2,High Risk,High
data/Safe/03112119-40487de6.jpg,0,Safe,Safe
data/High/yt_video1_frame000962.jpg,2,High Risk,High
data/High/16910724-cf0963a4.jpg,2,High Risk,High
data/Moderate/yt_video2_frame000113.jpg,1,Moderate Risk,Moderate
data/High/010471_label.png,2,High Risk,High
data/Safe/int_video1_frame000388.jpg,0,Safe,Safe
data/High/537e9acf-49576f8a.jpg,2,High Risk,High
data/High/yt_video3_frame012290.jpg,2,High Risk,High
data/High/yt_video2_frame003693.jpg,2,High Risk,High
data/Safe/int_video2_frame000225.jpg,0,Safe,Safe
data/High/frame2227_image.jpg,2,High Risk,High
data/High/0023390_image.jpg,2,High Risk,High
data/High/020821_image.jpg,2,High Risk,High
data/High/yt_video3_frame003261.jpg,2,High Risk,High
data/High/77acdee4-76052432.jpg,2,High Risk,High
data/Safe/0bfe1704-2b4ce1f2.jpg,0,Safe,Safe
data/High/51122583-4c271b1f.jpg,2,High Risk,High
data/High/73c706af-3a6e916e.jpg,2,High Risk,High
data/Safe/int_video2_frame000046.jpg,0,Safe,Safe
data/High/yt_video1_frame003892.jpg,2,High Risk,High
data/High/yt_video3_frame005625.jpg,2,High Risk,High
data/Safe/int_video2_frame000466.jpg,0,Safe,Safe
data/High/custom_safe_highway_0076.jpg,2,High Risk,High
data/High/8a6171db-1bf8fbf7.jpg,2,High Risk,High
data/Moderate/yt_video3_frame000660.jpg,1,Moderate Risk,Moderate
data/High/000065_image.jpg,2,High Risk,High
data/High/int_video3_frame005608.jpg,2,High Risk,High
data/High/yt_video1_frame003969.jpg,2,High Risk,High
data/Moderate/yt_video3_frame001141.jpg,1,Moderate Risk,Moderate
data/High/798023_image.jpg,2,High Risk,High
data/Safe/int_video2_frame000330.jpg,0,Safe,Safe
data/High/custom_high_risk_rain_0054.jpg,2,High Risk,High
data/Safe/int_video2_frame000624.jpg,0,Safe,Safe
data/High/981216_image.jpg,2,High Risk,High
data/High/921951_image.jpg,2,High Risk,High
data/High/0015588_label.png,2,High Risk,High
data/Safe/yt_video2_frame001218.jpg,0,Safe,Safe
data/High/014221_inst_label.png,2,High Risk,High
data/High/yt_video2_frame003347.jpg,2,High Risk,High
data/High/frame80370_image.jpg,2,High Risk,High
data/Safe/int_video1_frame000600.jpg,0,Safe,Safe
data/High/yt_video3_frame008084.jpg,2,High Risk,High
data/High/74097294-a1bab75f.jpg,2,High Risk,High
data/High/yt_video1_frame002082.jpg,2,High Risk,High
data/Safe/yt_video2_frame002196.jpg,0,Safe,Safe
data/High/97f5b4ae-0c165de0.jpg,2,High Risk,High
data/High/int_video3_frame003660.jpg,2,High Risk,High
data/High/a918d2d7-ed73e414.jpg,2,High Risk,High
data/High/yt_video3_frame012849.jpg,2,High Risk,High
data/High/yt_video3_frame000474.jpg,2,High Risk,High
data/High/a7c53f0c-1a499607.jpg,2,High Risk,High
data/Safe/831e61bd-15bd9f79.jpg,0,Safe,Safe
data/High/a38c3c3e-8f708928.jpg,2,High Risk,High
data/High/int_video3_frame000386.jpg,2,High Risk,High
data/Safe/int_video1_frame000239.jpg,0,Safe,Safe
data/Safe/472135_image.jpg,0,Safe,Safe
data/Moderate/custom_moderate_city_traffic_0161.jpg,1,Moderate Risk,Moderate
data/High/0111523e-a2170455.jpg,2,High Risk,High
data/High/yt_video1_frame002981.jpg,2,High Risk,High
data/Safe/658bf5c8-fc98ee5e.jpg,0,Safe,Safe
data/Safe/int_video1_frame000537.jpg,0,Safe,Safe
data/High/9bb5309a-da467ebc.jpg,2,High Risk,High
data/Safe/int_video1_frame000460.jpg,0,Safe,Safe
data/Safe/int_video2_frame000583.jpg,0,Safe,Safe
data/High/015885_label.png,2,High Risk,High
data/Safe/int_video3_frame001312.jpg,0,Safe,Safe
data/High/yt_video1_frame001189.jpg,2,High Risk,High
data/High/frame44544_image.jpg,2,High Risk,High
data/High/int_video3_frame002376.jpg,2,High Risk,High
data/Safe/int_video2_frame000403.jpg,0,Safe,Safe
data/High/frame4069_inst_label.png,2,High Risk,High
data/High/frame16235_image.jpg,2,High Risk,High
data/High/yt_video3_frame010029.jpg,2,High Risk,High
data/High/003366_image.jpg,2,High Risk,High
data/High/95757484-5e1a1023.jpg,2,High Risk,High
data/Safe/int_video3_frame004503.jpg,0,Safe,Safe
data/Safe/int_video3_frame001096.jpg,0,Safe,Safe
data/Safe/int_video3_frame000340.jpg,0,Safe,Safe
data/Safe/custom_high_risk_rain_0150.jpg,0,Safe,Safe
data/High/custom_moderate_city_traffic_0133.jpg,2,High Risk,High
data/High/9f4c8354-98fbf15d.jpg,2,High Risk,High
data/High/custom_high_risk_rain_0006.jpg,2,High Risk,High
data/Safe/int_video2_frame000035.jpg,0,Safe,Safe
data/Moderate/yt_video1_frame004498.jpg,1,Moderate Risk,Moderate
data/High/yt_video1_frame000266.jpg,2,High Risk,High
data/Safe/int_video2_frame000453.jpg,0,Safe,Safe
data/High/custom_high_risk_rain_0096.jpg,2,High Risk,High
data/Safe/int_video1_frame000148.jpg,0,Safe,Safe
data/Safe/int_video1_frame000096.jpg,0,Safe,Safe
data/High/int_video3_frame000423.jpg,2,High Risk,High
data/Safe/int_video3_frame002342.jpg,0,Safe,Safe
data/Safe/int_video1_frame000080.jpg,0,Safe,Safe
data/High/bc5e32e9-f71674c4.jpg,2,High Risk,High
data/High/int_video3_frame000357.jpg,2,High Risk,High
data/High/c4016527-4a26d292.jpg,2,High Risk,High
data/Safe/int_video1_frame000212.jpg,0,Safe,Safe
data/High/81ec3b39-1951f79e.jpg,2,High Risk,High
data/High/frame5033_inst_label.png,2,High Risk,High
data/High/yt_video2_frame000244.jpg,2,High Risk,High
data/High/98f77d3b-cf558e82.jpg,2,High Risk,High
data/High/yt_video2_frame001505.jpg,2,High Risk,High
data/High/0005772_image.jpg,2,High Risk,High
data/High/yt_video1_frame003132.jpg,2,High Risk,High
data/High/int_video3_frame002141.jpg,2,High Risk,High
data/High/yt_video3_frame006231.jpg,2,High Risk,High
data/Moderate/yt_video2_frame000382.jpg,1,Moderate Risk,Moderate
data/Safe/int_video2_frame000246.jpg,0,Safe,Safe
data/High/yt_video3_frame001439.jpg,2,High Risk,High
data/High/yt_video1_frame000965.jpg,2,High Risk,High
data/High/yt_video1_frame002582.jpg,2,High Risk,High
data/High/int_video3_frame004614.jpg,2,High Risk,High
data/Safe/int_video2_frame000057.jpg,0,Safe,Safe
data/High/frame10612_label.png,2,High Risk,High
data/High/56bb69ac-e85d7ae2.jpg,2,High Risk,High
data/High/frame4198_inst_label.png,2,High Risk,High
data/High/689da8a1-c242c6b0.jpg,2,High Risk,High
data/High/32a5c44a-948c4e3f.jpg,2,High Risk,High
data/High/yt_video3_frame009222.jpg,2,High Risk,High
data/High/73fe8b3d-e69fe0a8.jpg,2,High Risk,High
data/Moderate/yt_video2_frame002003.jpg,1,Moderate Risk,Moderate
data/High/yt_video3_frame007772.jpg,2,High Risk,High
data/Safe/int_video3_frame004715.jpg,0,Safe,Safe
data/Moderate/yt_video2_frame000546.jpg,1,Moderate Risk,Moderate
data/High/3b44ef5a-c4998953.jpg,2,High Risk,High
data/High/int_video3_frame005397.jpg,2,High Risk,High
data/High/yt_video2_frame001666.jpg,2,High Risk,High
data/High/yt_video2_frame002852.jpg,2,High Risk,High
data/Safe/int_video3_frame004285.jpg,0,Safe,Safe
data/Safe/1c549a21-be27b25c.jpg,0,Safe,Safe
data/High/yt_video3_frame008869.jpg,2,High Risk,High
data/High/892833_image.jpg,2,High Risk,High
data/Moderate/yt_video3_frame001386.jpg,1,Moderate Risk,Moderate
data/High/060156_label.png,2,High Risk,High
data/High/3f7d27c0-e3a17c63.jpg,2,High Risk,High
data/High/yt_video2_frame000258.jpg,2,High Risk,High
data/High/25c820ef-33e788de.jpg,2,High Risk,High
data/Safe/int_video2_frame000650.jpg,0,Safe,Safe
data/High/189474_label.png,2,High Risk,High
data/High/yt_video3_frame011257.jpg,2,High Risk,High
data/Safe/6891f028-e1e42d34.jpg,0,Safe,Safe
data/Safe/yt_video1_frame004197.jpg,0,Safe,Safe
data/High/013276_image.jpg,2,High Risk,High
data/Safe/int_video2_frame000037.jpg,0,Safe,Safe
data/Safe/int_video1_frame000385.jpg,0,Safe,Safe
data/High/2c47ab1c-39c31402.jpg,2,High Risk,High
data/Safe/int_video1_frame000036.jpg,0,Safe,Safe
data/High/yt_video2_frame002404.jpg,2,High Risk,High
data/Moderate/yt_video1_frame001748.jpg,1,Moderate Risk,Moderate
data/Safe/yt_video3_frame007491.jpg,0,Safe,Safe
data/High/9ae127bf-3eb5a17b.jpg,2,High Risk,High
data/High/custom_moderate_city_traffic_0111.jpg,2,High Risk,High
data/High/528598_label.png,2,High Risk,High
data/High/1e7e8a40-50178e00.jpg,2,High Risk,High
data/High/frame3849_label.png,2,High Risk,High
data/Safe/int_video3_frame005250.jpg,0,Safe,Safe
data/Safe/int_video2_frame000455.jpg,0,Safe,Safe
data/High/yt_video1_frame003725.jpg,2,High Risk,High
data/High/12682475-66f16b34.jpg,2,High Risk,High
data/Safe/custom_safe_highway_0107.jpg,0,Safe,Safe
data/High/4a1cb1de-2d5d14c9.jpg,2,High Risk,High
data/High/yt_video3_frame001832.jpg,2,High Risk,High
data/High/frame0839_label.png,2,High Risk,High
data/High/yt_video1_frame004104.jpg,2,High Risk,High
data/Safe/414177_image.jpg,0,Safe,Safe
data/Safe/yt_video2_frame002618.jpg,0,Safe,Safe
data/High/int_video3_frame003704.jpg,2,High Risk,High
data/Safe/int_video2_frame000520.jpg,0,Safe,Safe
data/Safe/yt_video2_frame004573.jpg,0,Safe,Safe
data/High/yt_video1_frame004382.jpg,2,High Risk,High
data/High/yt_video1_frame004399.jpg,2,High Risk,High
data/High/404f9cf6-dc0c409c.jpg,2,High Risk,High
data/Safe/int_video3_frame005136.jpg,0,Safe,Safe
data/High/b5dec5e7-5d59cc3b.jpg,2,High Risk,High
data/High/960b5063-27a08997.jpg,2,High Risk,High
data/Safe/int_video3_frame003262.jpg,0,Safe,Safe
data/High/int_video3_frame004137.jpg,2,High Risk,High
data/Safe/int_video1_frame000414.jpg,0,Safe,Safe
data/High/yt_video1_frame002303.jpg,2,High Risk,High
data/High/7152d90d-0e2544c1.jpg,2,High Risk,High
data/Safe/int_video1_frame000140.jpg,0,Safe,Safe
data/Safe/int_video1_frame000011.jpg,0,Safe,Safe
data/High/frame13126_image.jpg,2,High Risk,High
data/High/int_video3_frame002382.jpg,2,High Risk,High
data/High/83be17eb-fbe75c0c.jpg,2,High Risk,High
data/High/8d23924b-bb49c61c.jpg,2,High Risk,High
data/High/yt_video3_frame005193.jpg,2,High Risk,High
data/High/0005977_label.png,2,High Risk,High
data/High/25abdc75-5a7b6af1.jpg,2,High Risk,High
data/High/5250cae5-3684512c.jpg,2,High Risk,High
data/High/custom_moderate_city_traffic_0158.jpg,2,High Risk,High
data/Safe/yt_video1_frame002534.jpg,0,Safe,Safe
data/High/9ec334bb-eca3a783.jpg,2,High Risk,High
data/High/7cdb7692-ce54d75d.jpg,2,High Risk,High
data/Safe/int_video2_frame000556.jpg,0,Safe,Safe
data/High/404782_label.png,2,High Risk,High
data/High/348149_label.png,2,High Risk,High
data/High/405836_label.png,2,High Risk,High
data/High/custom_safe_highway_0111.jpg,2,High Risk,High
data/Safe/int_video1_frame000525.jpg,0,Safe,Safe
data/High/082f557c-383ed941.jpg,2,High Risk,High
data/Safe/int_video2_frame000160.jpg,0,Safe,Safe
data/High/int_video3_frame001146.jpg,2,High Risk,High
data/Safe/int_video1_frame000314.jpg,0,Safe,Safe
data/Safe/int_video3_frame004215.jpg,0,Safe,Safe
data/Safe/int_video2_frame000678.jpg,0,Safe,Safe
data/High/yt_video2_frame003634.jpg,2,High Risk,High
data/High/5ed27409-4e980e21.jpg,2,High Risk,High
data/Safe/int_video1_frame000434.jpg,0,Safe,Safe
data/High/a2c906ad-0c7de904.jpg,2,High Risk,High
data/High/0016811_inst_label.png,2,High Risk,High
data/Safe/int_video2_frame000079.jpg,0,Safe,Safe
data/High/yt_video1_frame000059.jpg,2,High Risk,High
data/Safe/int_video2_frame000015.jpg,0,Safe,Safe
data/High/frame9660_inst_label.png,2,High Risk,High
data/High/5f88fee3-151ab983.jpg,2,High Risk,High
data/High/int_video3_frame001955.jpg,2,High Risk,High
data/High/custom_moderate_city_traffic_0010.jpg,2,High Risk,High
data/High/b1ff4656-94ee8536.jpg,2,High Risk,High
data/High/yt_video3_frame011831.jpg,2,High Risk,High
data/High/165fd452-53629fc0.jpg,2,High Risk,High
data/High/9181303b-8585196f.jpg,2,High Risk,High
data/Safe/int_video2_frame000512.jpg,0,Safe,Safe
data/High/794b014f-68ed6a87.jpg,2,High Risk,High
data/High/404847_inst_label.png,2,High Risk,High
data/Moderate/yt_video1_frame003028.jpg,1,Moderate Risk,Moderate
data/Safe/yt_video1_frame002247.jpg,0,Safe,Safe
data/Safe/int_video2_frame000470.jpg,0,Safe,Safe
data/High/custom_high_risk_rain_0065.jpg,2,High Risk,High
data/High/custom_high_risk_rain_0078.jpg,2,High Risk,High
data/High/int_video3_frame000047.jpg,2,High Risk,High
data/High/7b4b1bcf-882e35ad.jpg,2,High Risk,High
data/High/0442fc4d-cf3c321f.jpg,2,High Risk,High
data/High/001800_inst_label.png,2,High Risk,High
data/High/yt_video1_frame002370.jpg,2,High Risk,High
data/Safe/int_video3_frame005536.jpg,0,Safe,Safe
data/High/6de5638d-f9836569.jpg,2,High Risk,High
data/High/custom_safe_highway_0045.jpg,2,High Risk,High
data/Safe/int_video3_frame002094.jpg,0,Safe,Safe
data/High/61ab1bab-fa9e64c6.jpg,2,High Risk,High
data/Safe/int_video2_frame000670.jpg,0,Safe,Safe
data/Safe/yt_video2_frame001226.jpg,0,Safe,Safe
data/Moderate/yt_video2_frame001487.jpg,1,Moderate Risk,Moderate
data/Safe/yt_video2_frame002919.jpg,0,Safe,Safe
data/High/6d0c0f2d-6f3c82c3.jpg,2,High Risk,High
data/High/yt_video1_frame000446.jpg,2,High Risk,High
data/High/347720_image.jpg,2,High Risk,High
data/High/frame13499_image.jpg,2,High Risk,High
data/High/54a8ea32-49f75555.jpg,2,High Risk,High
data/High/yt_video1_frame001662.jpg,2,High Risk,High
data/High/baeb68f6-9abb3aaf.jpg,2,High Risk,High
data/Safe/custom_high_risk_rain_0144.jpg,0,Safe,Safe
data/Safe/yt_video2_frame003161.jpg,0,Safe,Safe
data/High/004906_label.png,2,High Risk,High
data/High/yt_video2_frame001510.jpg,2,High Risk,High
data/High/yt_video3_frame013008.jpg,2,High Risk,High
data/Safe/int_video2_frame000117.jpg,0,Safe,Safe
data/High/6224b490-9f3436d8.jpg,2,High Risk,High
data/High/yt_video2_frame003221.jpg,2,High Risk,High
data/High/9720bb13-c8dbc10c.jpg,2,High Risk,High
data/Safe/int_video3_frame003151.jpg,0,Safe,Safe
data/High/016089_label.png,2,High Risk,High
data/Safe/int_video3_frame000193.jpg,0,Safe,Safe
data/Safe/yt_video1_frame004123.jpg,0,Safe,Safe
data/High/yt_video2_frame003511.jpg,2,High Risk,High
data/Safe/int_video2_frame000124.jpg,0,Safe,Safe
data/Safe/int_video1_frame000185.jpg,0,Safe,Safe
data/Safe/int_video1_frame000299.jpg,0,Safe,Safe
data/Safe/0c878ab4-27a3d84b.jpg,0,Safe,Safe
data/High/yt_video3_frame009705.jpg,2,High Risk,High
data/Safe/yt_video3_frame001228.jpg,0,Safe,Safe
data/Safe/int_video2_frame000249.jpg,0,Safe,Safe
data/Safe/71128975-0a735fe3.jpg,0,Safe,Safe
data/High/9705d570-9408eb83.jpg,2,High Risk,High
data/High/16ab84df-eff6ddd9.jpg,2,High Risk,High
data/High/yt_video2_frame003124.jpg,2,High Risk,High
data/High/custom_high_risk_rain_0081.jpg,2,High Risk,High
data/High/yt_video1_frame001517.jpg,2,High Risk,High
data/High/yt_video3_frame003934.jpg,2,High Risk,High
data/High/int_video3_frame001195.jpg,2,High Risk,High
data/Safe/yt_video3_frame001038.jpg,0,Safe,Safe
data/High/yt_video1_frame001584.jpg,2,High Risk,High
data/High/yt_video2_frame004277.jpg,2,High Risk,High
data/High/yt_video3_frame006956.jpg,2,High Risk,High
data/Safe/int_video2_frame000552.jpg,0,Safe,Safe
data/High/009976_label.png,2,High Risk,High
data/High/yt_video3_frame012541.jpg,2,High Risk,High
data/High/239132_image.jpg,2,High Risk,High
data/Moderate/yt_video3_frame007011.jpg,1,Moderate Risk,Moderate
data/Safe/int_video2_frame000682.jpg,0,Safe,Safe
data/Safe/int_video3_frame005458.jpg,0,Safe,Safe
data/High/736bf97f-1fb145b6.jpg,2,High Risk,High
data/High/yt_video3_frame010436.jpg,2,High Risk,High
data/High/yt_video3_frame008327.jpg,2,High Risk,High
data/High/351639aa-02975d75.jpg,2,High Risk,High
data/High/custom_moderate_city_traffic_0099.jpg,2,High Risk,High
data/Safe/int_video1_frame000501.jpg,0,Safe,Safe
data/Safe/019366_image.jpg,0,Safe,Safe
data/High/yt_video2_frame002725.jpg,2,High Risk,High
data/Safe/int_video2_frame000064.jpg,0,Safe,Safe
data/Safe/yt_video2_frame001368.jpg,0,Safe,Safe
data/Safe/custom_moderate_city_traffic_0081.jpg,0,Safe,Safe
data/High/b82609d8-eef37c99.jpg,2,High Risk,High
data/High/3609fe87-93702daf.jpg,2,High Risk,High
data/Safe/int_video1_frame000210.jpg,0,Safe,Safe
data/High/3e1a7d8e-09660c95.jpg,2,High Risk,High
data/High/231b2c4f-d6375eb4.jpg,2,High Risk,High
data/High/frame5684_label.png,2,High Risk,High
data/High/yt_video3_frame000052.jpg,2,High Risk,High
data/Safe/int_video2_frame000235.jpg,0,Safe,Safe
data/High/01b4e4b9-e21fe0a3.jpg,2,High Risk,High
data/High/440293_inst_label.png,2,High Risk,High
data/High/14098efb-538670fc.jpg,2,High Risk,High
data/High/7975e4cd-54074d0f.jpg,2,High Risk,High
data/High/custom_safe_highway_0060.jpg,2,High Risk,High
data/Safe/frame1559_image.jpg,0,Safe,Safe
data/High/yt_video1_frame004073.jpg,2,High Risk,High
data/Safe/int_video1_frame000178.jpg,0,Safe,Safe
data/High/916150_image.jpg,2,High Risk,High
data/High/int_video3_frame002663.jpg,2,High Risk,High
data/High/yt_video1_frame001396.jpg,2,High Risk,High
data/High/int_video3_frame003591.jpg,2,High Risk,High
data/High/yt_video2_frame004299.jpg,2,High Risk,High
data/Safe/int_video2_frame000100.jpg,0,Safe,Safe
data/High/frame62989_inst_label.png,2,High Risk,High
data/High/8d04aef3-af51b14a.jpg,2,High Risk,High
data/Safe/int_video2_frame000127.jpg,0,Safe,Safe
data/Safe/int_video1_frame000266.jpg,0,Safe,Safe
data/High/yt_video1_frame001874.jpg,2,High Risk,High
data/Safe/int_video1_frame000426.jpg,0,Safe,Safe
data/High/yt_video3_frame003961.jpg,2,High Risk,High
data/High/37f57615-5ed423a7.jpg,2,High Risk,High
data/Safe/int_video3_frame005489.jpg,0,Safe,Safe
data/High/587860_inst_label.png,2,High Risk,High
data/High/yt_video1_frame002788.jpg,2,High Risk,High
data/High/c8eeb9c9-922af0bb.jpg,2,High Risk,High
data/High/455768_inst_label.png,2,High Risk,High
data/Safe/0001080_image.jpg,0,Safe,Safe
data/High/yt_video2_frame004293.jpg,2,High Risk,High
data/Safe/int_video1_frame000083.jpg,0,Safe,Safe
data/Safe/int_video1_frame000470.jpg,0,Safe,Safe
data/Safe/int_video2_frame000113.jpg,0,Safe,Safe
data/High/1a33d01a-f55b3303.jpg,2,High Risk,High
data/High/yt_video1_frame001091.jpg,2,High Risk,High
data/Safe/int_video2_frame000657.jpg,0,Safe,Safe
data/High/6a598ab0-83ca6b30.jpg,2,High Risk,High
data/Safe/int_video2_frame000577.jpg,0,Safe,Safe
data/Safe/int_video3_frame005125.jpg,0,Safe,Safe
data/High/beff1d1c-c6d92f51.jpg,2,High Risk,High
data/High/yt_video1_frame003847.jpg,2,High Risk,High
data/High/yt_video3_frame003711.jpg,2,High Risk,High
data/High/yt_video2_frame001035.jpg,2,High Risk,High
data/Moderate/frame20626_image.jpg,1,Moderate Risk,Moderate
data/High/yt_video3_frame004281.jpg,2,High Risk,High
data/High/35da9809-18d58b73.jpg,2,High Risk,High
data/High/frame0456_image.jpg,2,High Risk,High
data/High/6df0259a-a27da123.jpg,2,High Risk,High
data/High/1ac41139-230fb4e1.jpg,2,High Risk,High
data/High/1e9ffa51-fe1ea9be.jpg,2,High Risk,High
data/High/frame14862_label.png,2,High Risk,High
data/High/6681042e-630e95a1.jpg,2,High Risk,High
data/High/649255_inst_label.png,2,High Risk,High
data/Safe/int_video2_frame000305.jpg,0,Safe,Safe
data/Safe/int_video3_frame000656.jpg,0,Safe,Safe
data/High/a8ca2b8b-47273661.jpg,2,High Risk,High
data/Safe/int_video2_frame000187.jpg,0,Safe,Safe
data/Safe/int_video2_frame000108.jpg,0,Safe,Safe
data/High/913e8a58-ecf8d3c5.jpg,2,High Risk,High
data/Safe/int_video2_frame000289.jpg,0,Safe,Safe
data/Safe/custom_moderate_city_traffic_0039.jpg,0,Safe,Safe
data/High/36824007-cb3703f6.jpg,2,High Risk,High
data/High/14532464-0ab1e53e.jpg,2,High Risk,High
data/High/91a4614d-98393adf.jpg,2,High Risk,High
data/Safe/3ed70af5-362ce360.jpg,0,Safe,Safe
data/High/frame0399_label.png,2,High Risk,High
data/Safe/5eeaa5aa-e98c176d.jpg,0,Safe,Safe
data/Safe/int_video1_frame000411.jpg,0,Safe,Safe
data/Safe/int_video1_frame000222.jpg,0,Safe,Safe
data/Moderate/yt_video3_frame001012.jpg,1,Moderate Risk,Moderate
data/Safe/int_video3_frame003255.jpg,0,Safe,Safe
data/Safe/int_video2_frame000276.jpg,0,Safe,Safe
data/High/0ee4a80d-ac660249.jpg,2,High Risk,High
data/High/int_video3_frame002148.jpg,2,High Risk,High
data/High/2b28acca-016db464.jpg,2,High Risk,High
data/Safe/int_video2_frame000409.jpg,0,Safe,Safe
data/Safe/yt_video1_frame002730.jpg,0,Safe,Safe
data/High/yt_video2_frame000096.jpg,2,High Risk,High
data/Safe/int_video2_frame000298.jpg,0,Safe,Safe
data/High/yt_video3_frame013411.jpg,2,High Risk,High
data/Safe/int_video1_frame000437.jpg,0,Safe,Safe
data/High/0021882_label.png,2,High Risk,High
data/Safe/custom_moderate_city_traffic_0079.jpg,0,Safe,Safe
data/Safe/yt_video2_frame003959.jpg,0,Safe,Safe
data/High/frame47202_label.png,2,High Risk,High
data/High/0009828_inst_label.png,2,High Risk,High
data/Safe/int_video2_frame000148.jpg,0,Safe,Safe
data/High/658186_inst_label.png,2,High Risk,High
data/High/int_video3_frame004649.jpg,2,High Risk,High
data/Safe/int_video2_frame000569.jpg,0,Safe,Safe
data/High/yt_video2_frame004615.jpg,2,High Risk,High
data/High/yt_video3_frame011291.jpg,2,High Risk,High
data/High/yt_video2_frame000495.jpg,2,High Risk,High
data/High/yt_video2_frame000266.jpg,2,High Risk,High
data/Safe/frame59844_image.jpg,0,Safe,Safe
data/High/yt_video2_frame003539.jpg,2,High Risk,High
data/High/91dcc4eb-c99379bb.jpg,2,High Risk,High
data/High/yt_video3_frame003277.jpg,2,High Risk,High
data/Safe/int_video3_frame000713.jpg,0,Safe,Safe
data/Safe/int_video1_frame000404.jpg,0,Safe,Safe
data/High/71c63432-e468560c.jpg,2,High Risk,High
data/Safe/frame0008_image.jpg,0,Safe,Safe
data/High/539257_inst_label.png,2,High Risk,High
data/High/yt_video1_frame003337.jpg,2,High Risk,High
data/High/30db74a7-ccf39da6.jpg,2,High Risk,High
data/Safe/762387_image.jpg,0,Safe,Safe
data/High/custom_moderate_city_traffic_0118.jpg,2,High Risk,High
data/High/40e48555-485107d1.jpg,2,High Risk,High
data/Safe/yt_video2_frame002996.jpg,0,Safe,Safe
data/High/yt_video1_frame003054.jpg,2,High Risk,High
data/High/custom_safe_highway_0114.jpg,2,High Risk,High
data/High/0c5089c9-af18bd4b.jpg,2,High Risk,High
data/Moderate/yt_video1_frame001097.jpg,1,Moderate Risk,Moderate
data/Safe/frame6691_image.jpg,0,Safe,Safe
data/High/93bb2ca7-2579110d.jpg,2,High Risk,High
data/Safe/346636_image.jpg,0,Safe,Safe
data/Safe/int_video2_frame000247.jpg,0,Safe,Safe
data/High/621fb031-4cb67511.jpg,2,High Risk,High
data/High/custom_safe_highway_0164.jpg,2,High Risk,High
data/High/063917_inst_label.png,2,High Risk,High
data/High/a3b8e6df-79e2af8b.jpg,2,High Risk,High
data/High/073777_inst_label.png,2,High Risk,High
data/High/8fc5886a-702bcba6.jpg,2,High Risk,High
data/High/yt_video3_frame012321.jpg,2,High Risk,High
data/Safe/custom_high_risk_rain_0157.jpg,0,Safe,Safe
data/High/frame0359_label.png,2,High Risk,High
data/Safe/yt_video2_frame004467.jpg,0,Safe,Safe
data/Safe/int_video2_frame000545.jpg,0,Safe,Safe
data/High/a2fd1cce-5aa317a4.jpg,2,High Risk,High
data/Safe/int_video2_frame000260.jpg,0,Safe,Safe
data/High/yt_video1_frame001370.jpg,2,High Risk,High
data/High/6e44c83e-024f0dea.jpg,2,High Risk,High
data/High/yt_video1_frame004168.jpg,2,High Risk,High
data/High/yt_video1_frame003456.jpg,2,High Risk,High
data/Safe/yt_video1_frame004453.jpg,0,Safe,Safe
data/Safe/yt_video1_frame003614.jpg,0,Safe,Safe
data/High/654a7c91-07de5618.jpg,2,High Risk,High
data/High/yt_video3_frame007218.jpg,2,High Risk,High
data/Moderate/yt_video1_frame002724.jpg,1,Moderate Risk,Moderate
data/High/5f0b4aed-c9e1134f.jpg,2,High Risk,High
data/Safe/int_video2_frame000114.jpg,0,Safe,Safe
data/High/yt_video1_frame002214.jpg,2,High Risk,High
data/High/0ea767e0-4564e509.jpg,2,High Risk,High
data/High/yt_video1_frame003863.jpg,2,High Risk,High
data/High/503b97ba-df940dac.jpg,2,High Risk,High
data/High/int_video3_frame003194.jpg,2,High Risk,High
data/High/680622_inst_label.png,2,High Risk,High
data/High/yt_video3_frame000282.jpg,2,High Risk,High
data/Safe/int_video1_frame000316.jpg,0,Safe,Safe
data/High/90ac4b58-8d5d6b6b.jpg,2,High Risk,High
data/High/yt_video1_frame002029.jpg,2,High Risk,High
data/High/yt_video3_frame009408.jpg,2,High Risk,High
data/Safe/int_video2_frame000002.jpg,0,Safe,Safe
data/Safe/int_video1_frame000353.jpg,0,Safe,Safe
data/Safe/yt_video1_frame002333.jpg,0,Safe,Safe
data/Moderate/custom_safe_highway_0116.jpg,1,Moderate Risk,Moderate
data/Safe/451b83ef-84bff0d8.jpg,0,Safe,Safe
data/High/custom_safe_highway_0117.jpg,2,High Risk,High
data/High/04ff2dcc-d4f48c8a.jpg,2,High Risk,High
data/High/yt_video1_frame002714.jpg,2,High Risk,High
data/Moderate/yt_video3_frame013189.jpg,1,Moderate Risk,Moderate
data/High/custom_moderate_city_traffic_0165.jpg,2,High Risk,High
data/High/77c1eab8-9a245577.jpg,2,High Risk,High
data/Safe/int_video2_frame000360.jpg,0,Safe,Safe
data/Safe/int_video2_frame000343.jpg,0,Safe,Safe
data/High/yt_video1_frame001516.jpg,2,High Risk,High
data/High/yt_video1_frame000932.jpg,2,High Risk,High
data/High/381722_inst_label.png,2,High Risk,High
data/High/yt_video2_frame001357.jpg,2,High Risk,High
data/High/007073_image.jpg,2,High Risk,High
data/Safe/int_video2_frame000003.jpg,0,Safe,Safe
data/High/7ef55e9d-2f43db77.jpg,2,High Risk,High
data/High/26382c2e-68a4500f.jpg,2,High Risk,High
data/Safe/int_video1_frame000063.jpg,0,Safe,Safe
data/High/yt_video3_frame010879.jpg,2,High Risk,High
data/High/yt_video3_frame003090.jpg,2,High Risk,High
data/High/yt_video2_frame001821.jpg,2,High Risk,High
data/Safe/int_video1_frame000432.jpg,0,Safe,Safe
data/High/10efbba4-606b4437.jpg,2,High Risk,High
data/High/6c61662b-e02c60e3.jpg,2,High Risk,High
data/High/a5273a39-d05b72e7.jpg,2,High Risk,High
data/High/yt_video1_frame003209.jpg,2,High Risk,High
data/High/0029661_inst_label.png,2,High Risk,High
data/Safe/int_video3_frame000854.jpg,0,Safe,Safe
data/Safe/16f7e76d-fb74d478.jpg,0,Safe,Safe
data/High/a06d3bca-e4a99242.jpg,2,High Risk,High
data/High/yt_video3_frame007816.jpg,2,High Risk,High
data/Safe/yt_video1_frame001626.jpg,0,Safe,Safe
data/Safe/int_video3_frame000325.jpg,0,Safe,Safe
data/High/753511_label.png,2,High Risk,High
data/High/69d8fcb1-4957507d.jpg,2,High Risk,High
data/High/a072b32f-07e8fa99.jpg,2,High Risk,High
data/High/300e816b-55ec9689.jpg,2,High Risk,High
data/High/11c87d0f-830be325.jpg,2,High Risk,High
data/High/yt_video1_frame001651.jpg,2,High Risk,High
data/High/yt_video2_frame000852.jpg,2,High Risk,High
data/High/29edfba4-ab497dac.jpg,2,High Risk,High
data/High/8fff488f-6c6885cd.jpg,2,High Risk,High
data/High/frame0234_image.jpg,2,High Risk,High
data/High/frame20123_image.jpg,2,High Risk,High
data/High/int_video3_frame004780.jpg,2,High Risk,High
data/Safe/int_video3_frame000746.jpg,0,Safe,Safe
data/Safe/int_video1_frame000119.jpg,0,Safe,Safe
data/Safe/int_video3_frame001628.jpg,0,Safe,Safe
data/Safe/yt_video2_frame004069.jpg,0,Safe,Safe
data/Safe/int_video2_frame000669.jpg,0,Safe,Safe
data/Moderate/yt_video1_frame000195.jpg,1,Moderate Risk,Moderate
data/High/yt_video2_frame003701.jpg,2,High Risk,High
data/High/yt_video1_frame001855.jpg,2,High Risk,High
data/High/yt_video1_frame002812.jpg,2,High Risk,High
data/High/3ad63190-f809e673.jpg,2,High Risk,High
data/Safe/int_video2_frame000259.jpg,0,Safe,Safe
data/Safe/yt_video2_frame002637.jpg,0,Safe,Safe
data/High/yt_video3_frame006989.jpg,2,High Risk,High
data/High/yt_video3_frame005899.jpg,2,High Risk,High
data/High/yt_video3_frame002874.jpg,2,High Risk,High
data/High/69a931ba-ccd68016.jpg,2,High Risk,High
data/High/yt_video1_frame001560.jpg,2,High Risk,High
data/High/014678_image.jpg,2,High Risk,High
data/High/int_video3_frame000451.jpg,2,High Risk,High
data/Safe/int_video2_frame000184.jpg,0,Safe,Safe
data/High/14942896-ea3755fc.jpg,2,High Risk,High
data/High/37f2b431-dbbe9cec.jpg,2,High Risk,High
data/Safe/int_video3_frame001672.jpg,0,Safe,Safe
data/High/custom_moderate_city_traffic_0102.jpg,2,High Risk,High
data/High/yt_video1_frame003870.jpg,2,High Risk,High
data/High/int_video3_frame002168.jpg,2,High Risk,High
data/Safe/int_video1_frame000439.jpg,0,Safe,Safe
data/Moderate/yt_video1_frame000254.jpg,1,Moderate Risk,Moderate
data/Safe/int_video2_frame000656.jpg,0,Safe,Safe
data/High/92c959b6-45d25a57.jpg,2,High Risk,High
data/High/int_video3_frame005710.jpg,2,High Risk,High
data/High/776afc52-b4bd3ae7.jpg,2,High Risk,High
data/High/yt_video3_frame007922.jpg,2,High Risk,High
data/High/098951_image.jpg,2,High Risk,High
data/High/5593e5e4-cba69d20.jpg,2,High Risk,High
data/Safe/int_video1_frame000376.jpg,0,Safe,Safe
data/Safe/int_video2_frame000229.jpg,0,Safe,Safe
data/High/yt_video1_frame000976.jpg,2,High Risk,High
data/High/yt_video1_frame004229.jpg,2,High Risk,High
data/High/yt_video1_frame001273.jpg,2,High Risk,High
data/Safe/664e2bc4-5819def3.jpg,0,Safe,Safe
data/High/221d41a3-d572723b.jpg,2,High Risk,High
data/High/96f784ed-c47be01e.jpg,2,High Risk,High
data/High/0832b2c1-59228fb8.jpg,2,High Risk,High
data/High/yt_video2_frame002087.jpg,2,High Risk,High
data/High/int_video3_frame004123.jpg,2,High Risk,High
data/Safe/int_video1_frame000045.jpg,0,Safe,Safe
data/High/yt_video2_frame002444.jpg,2,High Risk,High
data/High/910738_inst_label.png,2,High Risk,High
data/High/94e7ccd5-f78affb8.jpg,2,High Risk,High
data/Safe/a859a091-6faf9df0.jpg,0,Safe,Safe
data/Safe/yt_video2_frame001245.jpg,0,Safe,Safe
data/High/yt_video3_frame002897.jpg,2,High Risk,High
data/High/frame6539_image.jpg,2,High Risk,High
data/Safe/int_video2_frame000588.jpg,0,Safe,Safe
data/High/43d43f3e-b0d922f3.jpg,2,High Risk,High
data/High/104884_inst_label.png,2,High Risk,High
data/Safe/int_video1_frame000419.jpg,0,Safe,Safe
data/High/083822_image.jpg,2,High Risk,High
data/High/yt_video2_frame000513.jpg,2,High Risk,High
data/Safe/int_video1_frame000189.jpg,0,Safe,Safe
data/High/803513_image.jpg,2,High Risk,High
data/Safe/custom_safe_highway_0004.jpg,0,Safe,Safe
data/High/yt_video3_frame005656.jpg,2,High Risk,High
data/High/int_video3_frame003671.jpg,2,High Risk,High
data/High/0031362_image.jpg,2,High Risk,High
data/Safe/int_video2_frame000502.jpg,0,Safe,Safe
data/High/7611556c-857c0a2d.jpg,2,High Risk,High
data/Safe/int_video3_frame002454.jpg,0,Safe,Safe
data/Safe/int_video3_frame001577.jpg,0,Safe,Safe
data/High/int_video3_frame001456.jpg,2,High Risk,High
data/High/5e11b808-e9a20883.jpg,2,High Risk,High
data/High/223046e4-83f8c138.jpg,2,High Risk,High
data/Safe/53258122-daeef9d7.jpg,0,Safe,Safe
data/Safe/int_video1_frame000571.jpg,0,Safe,Safe
data/High/493184_inst_label.png,2,High Risk,High
data/Safe/int_video3_frame005479.jpg,0,Safe,Safe
data/High/yt_video1_frame001258.jpg,2,High Risk,High
data/High/custom_safe_highway_0110.jpg,2,High Risk,High
data/High/frame2451_inst_label.png,2,High Risk,High
data/High/frame7444_image.jpg,2,High Risk,High
data/High/yt_video1_frame000220.jpg,2,High Risk,High
data/Safe/int_video1_frame000151.jpg,0,Safe,Safe
data/High/956443_label.png,2,High Risk,High
data/Safe/custom_moderate_city_traffic_0089.jpg,0,Safe,Safe
data/Safe/int_video2_frame000000.jpg,0,Safe,Safe
data/High/yt_video3_frame008885.jpg,2,High Risk,High
data/High/int_video3_frame002558.jpg,2,High Risk,High
data/Safe/int_video1_frame000228.jpg,0,Safe,Safe
data/Safe/int_video3_frame003514.jpg,0,Safe,Safe
data/High/08952c41-69e7fcf1.jpg,2,High Risk,High
data/High/310144_image.jpg,2,High Risk,High
data/Safe/int_video2_frame000397.jpg,0,Safe,Safe
data/High/yt_video3_frame011414.jpg,2,High Risk,High
data/High/a0667533-d60d74ef.jpg,2,High Risk,High
data/Safe/int_video2_frame000319.jpg,0,Safe,Safe
data/Safe/3262196b-a043aaa4.jpg,0,Safe,Safe
data/Moderate/yt_video2_frame001643.jpg,1,Moderate Risk,Moderate
data/High/int_video3_frame003960.jpg,2,High Risk,High
data/High/271967b8-2c7329ae.jpg,2,High Risk,High
data/High/frame50385_inst_label.png,2,High Risk,High
data/High/yt_video1_frame001336.jpg,2,High Risk,High
data/High/0015441_image.jpg,2,High Risk,High
data/High/yt_video3_frame012494.jpg,2,High Risk,High
data/High/0879ba7f-c8c678db.jpg,2,High Risk,High
data/Safe/int_video2_frame000589.jpg,0,Safe,Safe
data/High/219212_label.png,2,High Risk,High
data/High/yt_video2_frame002724.jpg,2,High Risk,High
data/High/178149_inst_label.png,2,High Risk,High
data/High/648444_inst_label.png,2,High Risk,High
data/Safe/int_video3_frame000831.jpg,0,Safe,Safe
data/High/3183dff9-a8a40e03.jpg,2,High Risk,High
data/High/int_video3_frame002561.jpg,2,High Risk,High
data/Moderate/custom_moderate_city_traffic_0086.jpg,1,Moderate Risk,Moderate
data/Safe/int_video2_frame000322.jpg,0,Safe,Safe
data/High/yt_video1_frame001343.jpg,2,High Risk,High
data/High/35d2571b-b9533515.jpg,2,High Risk,High
data/Safe/int_video2_frame000524.jpg,0,Safe,Safe
data/High/b12a47c3-a6bdadd3.jpg,2,High Risk,High
data/Safe/int_video1_frame000092.jpg,0,Safe,Safe
data/High/7b7854ad-fd22cec6.jpg,2,High Risk,High
data/Safe/int_video3_frame005524.jpg,0,Safe,Safe
data/Moderate/yt_video2_frame002375.jpg,1,Moderate Risk,Moderate
data/High/018614_image.jpg,2,High Risk,High
data/Safe/int_video1_frame000585.jpg,0,Safe,Safe
data/Moderate/custom_high_risk_rain_0152.jpg,1,Moderate Risk,Moderate
data/Safe/int_video1_frame000070.jpg,0,Safe,Safe
data/Safe/int_video2_frame000102.jpg,0,Safe,Safe
data/Safe/int_video1_frame000378.jpg,0,Safe,Safe
data/Safe/int_video2_frame000679.jpg,0,Safe,Safe
data/Moderate/custom_moderate_city_traffic_0007.jpg,1,Moderate Risk,Moderate
data/High/812467_label.png,2,High Risk,High
data/High/0b76dd7e-96db9654.jpg,2,High Risk,High
data/Safe/259377_image.jpg,0,Safe,Safe
data/High/144547_inst_label.png,2,High Risk,High
data/High/yt_video2_frame000151.jpg,2,High Risk,High
data/High/8702477e-26c38e97.jpg,2,High Risk,High
data/High/yt_video3_frame005461.jpg,2,High Risk,High
data/Safe/int_video3_frame001563.jpg,0,Safe,Safe
data/High/b145825b-c84b351f.jpg,2,High Risk,High
data/Safe/06b4defc-5d3e87b0.jpg,0,Safe,Safe
data/Safe/int_video2_frame000660.jpg,0,Safe,Safe
data/High/int_video3_frame000390.jpg,2,High Risk,High
data/High/576afba9-ac345a21.jpg,2,High Risk,High
data/Safe/5da521b1-13653082.jpg,0,Safe,Safe
data/Safe/int_video2_frame000582.jpg,0,Safe,Safe
data/High/int_video3_frame004399.jpg,2,High Risk,High
data/Safe/int_video1_frame000534.jpg,0,Safe,Safe
data/High/frame18930_inst_label.png,2,High Risk,High
data/Safe/custom_safe_highway_0001.jpg,0,Safe,Safe
data/Safe/int_video1_frame000040.jpg,0,Safe,Safe
data/High/frame0008_label.png,2,High Risk,High
data/High/int_video3_frame005427.jpg,2,High Risk,High
data/High/0010815_image.jpg,2,High Risk,High
data/Safe/int_video3_frame003015.jpg,0,Safe,Safe
data/High/a97dec22-dcd9f7a0.jpg,2,High Risk,High
data/High/02d5e1be-bd9bd999.jpg,2,High Risk,High
data/High/yt_video1_frame003171.jpg,2,High Risk,High
data/High/0023711_label.png,2,High Risk,High
data/Safe/yt_video2_frame002246.jpg,0,Safe,Safe
data/Safe/int_video2_frame000061.jpg,0,Safe,Safe
data/Safe/int_video3_frame005167.jpg,0,Safe,Safe
data/Moderate/579530_image.jpg,1,Moderate Risk,Moderate
data/High/custom_moderate_city_traffic_0122.jpg,2,High Risk,High
data/Safe/int_video2_frame000533.jpg,0,Safe,Safe
data/Safe/yt_video1_frame002548.jpg,0,Safe,Safe
data/Safe/int_video2_frame000269.jpg,0,Safe,Safe
data/Safe/int_video3_frame005297.jpg,0,Safe,Safe
data/High/b5e3b8c6-e50a2999.jpg,2,High Risk,High
data/High/custom_moderate_city_traffic_0020.jpg,2,High Risk,High
data/High/32876d94-f65066d5.jpg,2,High Risk,High
data/High/022885_label.png,2,High Risk,High
data/High/b5a09604-1a28e788.jpg,2,High Risk,High
data/High/yt_video1_frame000722.jpg,2,High Risk,High
data/High/int_video3_frame003986.jpg,2,High Risk,High
data/High/218225_inst_label.png,2,High Risk,High
data/Safe/custom_moderate_city_traffic_0042.jpg,0,Safe,Safe
data/Safe/int_video2_frame000636.jpg,0,Safe,Safe
data/High/1ccae3fe-631b84ae.jpg,2,High Risk,High
data/Safe/int_video1_frame000139.jpg,0,Safe,Safe
data/High/custom_safe_highway_0030.jpg,2,High Risk,High
data/High/315a80c6-ec12ce12.jpg,2,High Risk,High
data/Safe/int_video1_frame000106.jpg,0,Safe,Safe
data/Safe/int_video3_frame001567.jpg,0,Safe,Safe
data/High/yt_video3_frame007901.jpg,2,High Risk,High
data/Safe/int_video2_frame000161.jpg,0,Safe,Safe
data/High/2c6c3bf2-3714044b.jpg,2,High Risk,High
data/High/yt_video3_frame003042.jpg,2,High Risk,High
data/High/213930_inst_label.png,2,High Risk,High
data/High/yt_video3_frame010807.jpg,2,High Risk,High
data/Safe/int_video2_frame000021.jpg,0,Safe,Safe
data/High/0000961_image.jpg,2,High Risk,High
data/Safe/yt_video2_frame002333.jpg,0,Safe,Safe
data/Safe/yt_video2_frame001489.jpg,0,Safe,Safe
data/Safe/int_video1_frame000288.jpg,0,Safe,Safe
data/Safe/yt_video3_frame006704.jpg,0,Safe,Safe
data/High/49d2a764-0d71740d.jpg,2,High Risk,High
data/High/yt_video3_frame005807.jpg,2,High Risk,High
data/High/yt_video1_frame004437.jpg,2,High Risk,High
data/Safe/int_video3_frame005504.jpg,0,Safe,Safe
data/Safe/int_video1_frame000073.jpg,0,Safe,Safe
data/Moderate/599263_image.jpg,1,Moderate Risk,Moderate
data/Safe/int_video3_frame001524.jpg,0,Safe,Safe
data/High/463302_image.jpg,2,High Risk,High
data/High/07184fbb-7b3e0527.jpg,2,High Risk,High
data/High/3870ae33-dd9316ab.jpg,2,High Risk,High
data/Moderate/yt_video1_frame003778.jpg,1,Moderate Risk,Moderate
data/Safe/int_video1_frame000254.jpg,0,Safe,Safe
data/High/001500_inst_label.png,2,High Risk,High
data/High/yt_video2_frame004304.jpg,2,High Risk,High
data/Moderate/yt_video1_frame001155.jpg,1,Moderate Risk,Moderate
data/High/40506824-78232711.jpg,2,High Risk,High
data/High/yt_video2_frame003201.jpg,2,High Risk,High
data/High/yt_video3_frame003762.jpg,2,High Risk,High
data/High/4e65deb4-997d0d58.jpg,2,High Risk,High
data/High/661867d5-fa5208eb.jpg,2,High Risk,High
data/High/408258_image.jpg,2,High Risk,High
data/High/a2b1ab28-cb84b273.jpg,2,High Risk,High
data/High/yt_video3_frame011238.jpg,2,High Risk,High
data/Safe/int_video1_frame000307.jpg,0,Safe,Safe
data/Moderate/yt_video2_frame000394.jpg,1,Moderate Risk,Moderate
data/Safe/int_video3_frame003517.jpg,0,Safe,Safe
data/Safe/yt_video2_frame004255.jpg,0,Safe,Safe
data/Safe/int_video2_frame000158.jpg,0,Safe,Safe
data/High/910428_image.jpg,2,High Risk,High
data/Safe/int_video3_frame001648.jpg,0,Safe,Safe
data/High/yt_video3_frame013733.jpg,2,High Risk,High
data/High/yt_video1_frame001428.jpg,2,High Risk,High
data/Safe/int_video3_frame004355.jpg,0,Safe,Safe
data/High/yt_video1_frame003203.jpg,2,High Risk,High
data/Safe/int_video2_frame000412.jpg,0,Safe,Safe
data/Safe/yt_video2_frame002187.jpg,0,Safe,Safe
data/Safe/int_video1_frame000391.jpg,0,Safe,Safe
data/High/174666_inst_label.png,2,High Risk,High
data/High/frame64408_inst_label.png,2,High Risk,High
data/Safe/int_video3_frame004975.jpg,0,Safe,Safe
data/High/0034050_image.jpg,2,High Risk,High
data/High/yt_video3_frame008388.jpg,2,High Risk,High
data/High/1aba8815-2571d724.jpg,2,High Risk,High
data/Safe/custom_safe_highway_0108.jpg,0,Safe,Safe
data/Safe/int_video1_frame000433.jpg,0,Safe,Safe
data/High/yt_video1_frame003428.jpg,2,High Risk,High
data/Safe/int_video1_frame000544.jpg,0,Safe,Safe
data/High/29a6a14c-e6a07faa.jpg,2,High Risk,High
data/Safe/int_video2_frame000030.jpg,0,Safe,Safe
data/High/5b984449-9bf662a3.jpg,2,High Risk,High
data/High/frame33826_inst_label.png,2,High Risk,High
data/High/5ceeac16-6f0b2a48.jpg,2,High Risk,High
data/High/int_video3_frame004401.jpg,2,High Risk,High
data/High/554318_label.png,2,High Risk,High
data/High/c9312bb0-95b57597.jpg,2,High Risk,High
data/High/94321664-849ead61.jpg,2,High Risk,High
data/High/yt_video1_frame003454.jpg,2,High Risk,High
data/High/yt_video1_frame004152.jpg,2,High Risk,High
data/High/yt_video2_frame004307.jpg,2,High Risk,High
data/Safe/107934_image.jpg,0,Safe,Safe
data/Safe/int_video3_frame005466.jpg,0,Safe,Safe
data/High/int_video3_frame000289.jpg,2,High Risk,High
data/High/878528_label.png,2,High Risk,High
data/High/yt_video2_frame000095.jpg,2,High Risk,High
data/High/yt_video1_frame001684.jpg,2,High Risk,High
data/High/custom_safe_highway_0147.jpg,2,High Risk,High
data/Safe/int_video3_frame004209.jpg,0,Safe,Safe
data/Safe/int_video2_frame000684.jpg,0,Safe,Safe
data/Safe/int_video2_frame000543.jpg,0,Safe,Safe
data/High/359333_label.png,2,High Risk,High
data/Safe/custom_safe_highway_0133.jpg,0,Safe,Safe
data/High/custom_high_risk_rain_0107.jpg,2,High Risk,High
data/High/77ee4161-db954e59.jpg,2,High Risk,High
data/High/0007163_inst_label.png,2,High Risk,High
data/Safe/192466_image.jpg,0,Safe,Safe
data/Safe/int_video2_frame000342.jpg,0,Safe,Safe
data/Safe/yt_video2_frame001574.jpg,0,Safe,Safe
data/High/9f32f593-58876546.jpg,2,High Risk,High
data/High/406209_image.jpg,2,High Risk,High
data/Safe/int_video2_frame000651.jpg,0,Safe,Safe
data/Safe/int_video2_frame000600.jpg,0,Safe,Safe
data/Safe/yt_video1_frame001113.jpg,0,Safe,Safe
data/High/yt_video3_frame002698.jpg,2,High Risk,High
data/High/yt_video3_frame001394.jpg,2,High Risk,High
data/High/94239f91-8aeac8bd.jpg,2,High Risk,High
data/High/yt_video3_frame006162.jpg,2,High Risk,High
data/High/frame41817_inst_label.png,2,High Risk,High
data/High/int_video3_frame002154.jpg,2,High Risk,High
data/Safe/int_video1_frame000272.jpg,0,Safe,Safe
data/Safe/custom_moderate_city_traffic_0015.jpg,0,Safe,Safe
data/Safe/int_video2_frame000659.jpg,0,Safe,Safe
data/Safe/int_video1_frame000060.jpg,0,Safe,Safe
data/High/yt_video1_frame001438.jpg,2,High Risk,High
data/Moderate/648cfcff-f4f55ec7.jpg,1,Moderate Risk,Moderate
data/Safe/int_video1_frame000452.jpg,0,Safe,Safe
data/Moderate/yt_video2_frame004453.jpg,1,Moderate Risk,Moderate
data/High/frame0155_label.png,2,High Risk,High
data/High/753454_inst_label.png,2,High Risk,High
data/High/yt_video1_frame000623.jpg,2,High Risk,High
data/High/420156_label.png,2,High Risk,High
data/Moderate/yt_video3_frame001469.jpg,1,Moderate Risk,Moderate
data/Moderate/custom_high_risk_rain_0010.jpg,1,Moderate Risk,Moderate
data/Safe/yt_video2_frame001639.jpg,0,Safe,Safe
data/Safe/int_video1_frame000264.jpg,0,Safe,Safe
data/High/int_video3_frame003206.jpg,2,High Risk,High
data/High/090616_label.png,2,High Risk,High
data/Safe/a335ad9b-d3afd452.jpg,0,Safe,Safe
data/Safe/int_video1_frame000458.jpg,0,Safe,Safe
data/Safe/int_video2_frame000645.jpg,0,Safe,Safe
data/Safe/int_video1_frame000558.jpg,0,Safe,Safe
data/Safe/yt_video2_frame001609.jpg,0,Safe,Safe
data/Safe/int_video1_frame000071.jpg,0,Safe,Safe
data/High/frame0059_inst_label.png,2,High Risk,High
data/High/95609045-28ea1f64.jpg,2,High Risk,High
data/High/frame55835_label.png,2,High Risk,High
data/Safe/int_video1_frame000486.jpg,0,Safe,Safe
data/High/yt_video1_frame004412.jpg,2,High Risk,High
data/Safe/int_video3_frame003162.jpg,0,Safe,Safe
data/Safe/int_video3_frame005043.jpg,0,Safe,Safe
data/High/1f7ba5ab-05aecae8.jpg,2,High Risk,High
data/High/yt_video2_frame002135.jpg,2,High Risk,High
data/Safe/int_video2_frame000060.jpg,0,Safe,Safe
data/Safe/int_video1_frame000142.jpg,0,Safe,Safe
data/Safe/int_video2_frame000166.jpg,0,Safe,Safe
data/Safe/int_video3_frame001298.jpg,0,Safe,Safe
data/High/yt_video2_frame002409.jpg,2,High Risk,High
data/High/frame12621_label.png,2,High Risk,High
data/High/yt_video1_frame003886.jpg,2,High Risk,High
data/High/0012123_label.png,2,High Risk,High
data/High/a33c329b-9a3c0527.jpg,2,High Risk,High
data/High/yt_video1_frame001325.jpg,2,High Risk,High
data/High/yt_video1_frame000670.jpg,2,High Risk,High
data/Moderate/int_video1_frame000067.jpg,1,Moderate Risk,Moderate
data/High/custom_high_risk_rain_0088.jpg,2,High Risk,High
data/High/yt_video2_frame000167.jpg,2,High Risk,High
data/High/yt_video1_frame000308.jpg,2,High Risk,High
data/Safe/int_video3_frame001900.jpg,0,Safe,Safe
data/High/5550e8db-0fda54d2.jpg,2,High Risk,High
data/Safe/int_video3_frame001927.jpg,0,Safe,Safe
data/Safe/int_video2_frame000111.jpg,0,Safe,Safe
data/High/b109e7fc-ac1a59be.jpg,2,High Risk,High
data/Safe/int_video3_frame004523.jpg,0,Safe,Safe
data/Safe/int_video2_frame000312.jpg,0,Safe,Safe
data/High/yt_video1_frame002688.jpg,2,High Risk,High
data/Safe/frame5719_image.jpg,0,Safe,Safe
data/High/194242_label.png,2,High Risk,High
data/Safe/int_video2_frame000072.jpg,0,Safe,Safe
data/High/custom_high_risk_rain_0158.jpg,2,High Risk,High
data/Moderate/yt_video1_frame000718.jpg,1,Moderate Risk,Moderate
data/High/custom_moderate_city_traffic_0075.jpg,2,High Risk,High
data/High/4d7fbd5f-70645b58.jpg,2,High Risk,High
data/Safe/yt_video1_frame003805.jpg,0,Safe,Safe
data/High/404749fa-b6c8e092.jpg,2,High Risk,High
data/Safe/204a90bf-6039d0ca.jpg,0,Safe,Safe
data/High/71dfad78-c92e6433.jpg,2,High Risk,High
data/High/yt_video2_frame000302.jpg,2,High Risk,High
data/High/yt_video1_frame003277.jpg,2,High Risk,High
data/Safe/int_video2_frame000457.jpg,0,Safe,Safe
data/High/3526e59e-6a644736.jpg,2,High Risk,High
data/High/int_video3_frame004774.jpg,2,High Risk,High
data/High/a4968c78-44e1bb69.jpg,2,High Risk,High
data/High/yt_video1_frame001434.jpg,2,High Risk,High
data/High/164bbcc6-4ec5264a.jpg,2,High Risk,High
data/High/frame15226_image.jpg,2,High Risk,High
data/High/167b5512-e18f1104.jpg,2,High Risk,High
data/High/yt_video2_frame004188.jpg,2,High Risk,High
data/High/frame4424_inst_label.png,2,High Risk,High
data/High/custom_moderate_city_traffic_0074.jpg,2,High Risk,High
data/Safe/int_video1_frame000117.jpg,0,Safe,Safe
data/High/3fdc64cb-7930e29d.jpg,2,High Risk,High
data/High/674919_image.jpg,2,High Risk,High
data/High/frame12226_image.jpg,2,High Risk,High
data/Safe/int_video1_frame000465.jpg,0,Safe,Safe
data/High/yt_video2_frame000954.jpg,2,High Risk,High
data/High/custom_safe_highway_0163.jpg,2,High Risk,High
data/High/frame0659_inst_label.png,2,High Risk,High
data/High/yt_video1_frame001990.jpg,2,High Risk,High
data/High/002784_inst_label.png,2,High Risk,High
data/High/int_video3_frame001791.jpg,2,High Risk,High
data/High/frame81180_inst_label.png,2,High Risk,High
data/Safe/custom_high_risk_rain_0005.jpg,0,Safe,Safe
data/High/021155_inst_label.png,2,High Risk,High
data/High/5c99dba2-594c7c33.jpg,2,High Risk,High
data/High/yt_video2_frame000247.jpg,2,High Risk,High
data/High/custom_safe_highway_0013.jpg,2,High Risk,High
data/High/yt_video2_frame003076.jpg,2,High Risk,High
data/High/frame57499_label.png,2,High Risk,High
data/Safe/int_video2_frame000349.jpg,0,Safe,Safe
data/Safe/frame46835_image.jpg,0,Safe,Safe
data/High/yt_video2_frame004120.jpg,2,High Risk,High
data/High/yt_video1_frame002894.jpg,2,High Risk,High
data/High/yt_video2_frame002393.jpg,2,High Risk,High
data/High/yt_video3_frame011118.jpg,2,High Risk,High
data/High/205c2d9d-cc95841a.jpg,2,High Risk,High
data/High/43d65cac-1733c6f2.jpg,2,High Risk,High
data/Safe/101972_image.jpg,0,Safe,Safe
data/Safe/int_video1_frame000532.jpg,0,Safe,Safe
data/Safe/frame13180_image.jpg,0,Safe,Safe
data/Safe/int_video3_frame002504.jpg,0,Safe,Safe
data/High/07632891-5003ac75.jpg,2,High Risk,High
data/High/000490_inst_label.png,2,High Risk,High
data/Safe/int_video3_frame005231.jpg,0,Safe,Safe
data/High/int_video3_frame000414.jpg,2,High Risk,High
data/High/yt_video2_frame002872.jpg,2,High Risk,High
data/Moderate/custom_moderate_city_traffic_0003.jpg,1,Moderate Risk,Moderate
data/Safe/int_video2_frame000211.jpg,0,Safe,Safe
data/High/frame46571_image.jpg,2,High Risk,High
data/Safe/int_video2_frame000478.jpg,0,Safe,Safe
data/High/21082f49-dd029a3f.jpg,2,High Risk,High
data/High/57ed7e21-af2da860.jpg,2,High Risk,High
data/High/custom_moderate_city_traffic_0037.jpg,2,High Risk,High
data/High/690701_label.png,2,High Risk,High
data/High/yt_video3_frame010148.jpg,2,High Risk,High
data/Safe/c55b79ad-fff7df7b.jpg,0,Safe,Safe
data/High/448339_label.png,2,High Risk,High
data/High/yt_video3_frame006096.jpg,2,High Risk,High
data/Safe/int_video2_frame000045.jpg,0,Safe,Safe
data/Safe/int_video2_frame000459.jpg,0,Safe,Safe
data/Safe/int_video3_frame001518.jpg,0,Safe,Safe
data/High/0062298d-fd69d0ec.jpg,2,High Risk,High
data/Safe/custom_safe_highway_0064.jpg,0,Safe,Safe
data/Safe/914224_image.jpg,0,Safe,Safe
data/High/yt_video2_frame002402.jpg,2,High Risk,High
data/High/1ce392a2-4525d590.jpg,2,High Risk,High
data/Safe/int_video2_frame000426.jpg,0,Safe,Safe
data/High/yt_video2_frame000434.jpg,2,High Risk,High
data/High/frame9611_inst_label.png,2,High Risk,High
data/Safe/frame8607_image.jpg,0,Safe,Safe
data/Safe/int_video1_frame000445.jpg,0,Safe,Safe
data/High/yt_video1_frame001420.jpg,2,High Risk,High
data/Moderate/b04423c0-51830b54.jpg,1,Moderate Risk,Moderate
data/Safe/int_video2_frame000287.jpg,0,Safe,Safe
data/High/yt_video3_frame009892.jpg,2,High Risk,High
data/Safe/int_video3_frame005062.jpg,0,Safe,Safe
data/High/ae0cd70d-4a9c980b.jpg,2,High Risk,High
data/High/yt_video3_frame003017.jpg,2,High Risk,High
data/High/yt_video1_frame004204.jpg,2,High Risk,High
data/High/custom_high_risk_rain_0019.jpg,2,High Risk,High
data/Safe/56446727-98dc69c7.jpg,0,Safe,Safe
data/High/7cd7d67e-772a4e09.jpg,2,High Risk,High
data/High/4d66f609-452127eb.jpg,2,High Risk,High
data/High/0d4c18ab-54b10775.jpg,2,High Risk,High
data/High/int_video3_frame005114.jpg,2,High Risk,High
data/Safe/int_video1_frame000559.jpg,0,Safe,Safe
data/High/yt_video3_frame004496.jpg,2,High Risk,High
data/Safe/yt_video1_frame003044.jpg,0,Safe,Safe
data/High/abfabb35-ed52eebc.jpg,2,High Risk,High
data/High/yt_video2_frame003560.jpg,2,High Risk,High
data/Safe/int_video1_frame000059.jpg,0,Safe,Safe
data/High/6f15705d-f99e110c.jpg,2,High Risk,High
data/Safe/int_video2_frame000364.jpg,0,Safe,Safe
data/Safe/yt_video2_frame001946.jpg,0,Safe,Safe
data/Safe/yt_video2_frame002107.jpg,0,Safe,Safe
data/High/003361_image.jpg,2,High Risk,High
data/High/4cdef661-b834a222.jpg,2,High Risk,High
data/High/84207475-141e4013.jpg,2,High Risk,High
data/Safe/int_video3_frame000579.jpg,0,Safe,Safe
data/High/yt_video3_frame011531.jpg,2,High Risk,High
data/High/9bafab27-2a5b8372.jpg,2,High Risk,High
data/Safe/int_video2_frame000642.jpg,0,Safe,Safe
data/Safe/int_video1_frame000596.jpg,0,Safe,Safe
data/High/yt_video2_frame000049.jpg,2,High Risk,High
data/Safe/int_video2_frame000549.jpg,0,Safe,Safe
data/High/int_video3_frame005409.jpg,2,High Risk,High
data/Safe/int_video2_frame000619.jpg,0,Safe,Safe
data/Safe/int_video2_frame000367.jpg,0,Safe,Safe
data/Safe/int_video2_frame000328.jpg,0,Safe,Safe
data/Safe/yt_video2_frame001423.jpg,0,Safe,Safe
data/High/yt_video3_frame004602.jpg,2,High Risk,High
data/Safe/int_video1_frame000612.jpg,0,Safe,Safe
data/Safe/int_video3_frame002109.jpg,0,Safe,Safe
data/High/024b275b-bbfdf5ee.jpg,2,High Risk,High
data/Safe/yt_video3_frame001066.jpg,0,Safe,Safe
data/High/0006335_image.jpg,2,High Risk,High
data/High/ab4796d2-3f8d222b.jpg,2,High Risk,High
data/Safe/int_video2_frame000156.jpg,0,Safe,Safe
data/High/yt_video2_frame001788.jpg,2,High Risk,High
data/High/a97a1f5a-46dc5e8b.jpg,2,High Risk,High
data/High/a38f5639-616d46d8.jpg,2,High Risk,High
data/Safe/int_video1_frame000098.jpg,0,Safe,Safe
data/High/2b05ceba-ddbfc209.jpg,2,High Risk,High
data/Moderate/yt_video2_frame004512.jpg,1,Moderate Risk,Moderate
data/High/yt_video3_frame004394.jpg,2,High Risk,High
data/Safe/018247_image.jpg,0,Safe,Safe
data/High/1ac141cf-7c4ac16f.jpg,2,High Risk,High
data/High/a71cb9f8-336cd5e0.jpg,2,High Risk,High
data/Safe/int_video1_frame000356.jpg,0,Safe,Safe
data/Safe/frame62926_image.jpg,0,Safe,Safe
data/High/yt_video1_frame000695.jpg,2,High Risk,High
data/Moderate/yt_video2_frame001529.jpg,1,Moderate Risk,Moderate
data/Safe/int_video1_frame000392.jpg,0,Safe,Safe
data/High/int_video3_frame002249.jpg,2,High Risk,High
data/Safe/yt_video1_frame002845.jpg,0,Safe,Safe
data/High/7764bde0-70193044.jpg,2,High Risk,High
data/Safe/int_video2_frame000291.jpg,0,Safe,Safe
data/Safe/int_video3_frame001617.jpg,0,Safe,Safe
data/High/022504_label.png,2,High Risk,High
data/High/yt_video3_frame004323.jpg,2,High Risk,High
data/High/yt_video1_frame002373.jpg,2,High Risk,High
data/Safe/int_video2_frame000362.jpg,0,Safe,Safe
data/High/3ab3fe02-eb647ab2.jpg,2,High Risk,High
data/Safe/yt_video2_frame004602.jpg,0,Safe,Safe
data/Safe/int_video2_frame000611.jpg,0,Safe,Safe
data/High/005755_image.jpg,2,High Risk,High
data/High/152c045a-99f708bc.jpg,2,High Risk,High
data/Moderate/yt_video1_frame002206.jpg,1,Moderate Risk,Moderate
data/High/custom_safe_highway_0051.jpg,2,High Risk,High
data/High/9248213f-3e461878.jpg,2,High Risk,High
data/High/custom_moderate_city_traffic_0106.jpg,2,High Risk,High
data/Safe/yt_video3_frame000330.jpg,0,Safe,Safe
data/Safe/custom_high_risk_rain_0149.jpg,0,Safe,Safe
data/Safe/aa0a3b63-a2410d8e.jpg,0,Safe,Safe
data/Safe/int_video2_frame000388.jpg,0,Safe,Safe
data/High/int_video3_frame000061.jpg,2,High Risk,High
data/Safe/29fea058-12db88e7.jpg,0,Safe,Safe
data/High/custom_moderate_city_traffic_0019.jpg,2,High Risk,High
data/High/928d223e-9b7a8c30.jpg,2,High Risk,High
data/Safe/int_video3_frame000484.jpg,0,Safe,Safe
data/High/yt_video3_frame009721.jpg,2,High Risk,High
data/High/262322_image.jpg,2,High Risk,High
data/Safe/frame0749_image.jpg,0,Safe,Safe
data/High/yt_video3_frame007495.jpg,2,High Risk,High
data/High/frame3513_label.png,2,High Risk,High
data/High/yt_video3_frame013600.jpg,2,High Risk,High
data/Safe/int_video1_frame000446.jpg,0,Safe,Safe
data/High/68986939-cd70c61d.jpg,2,High Risk,High
data/High/frame5267_image.jpg,2,High Risk,High
data/Safe/custom_safe_highway_0137.jpg,0,Safe,Safe
data/Safe/int_video3_frame000927.jpg,0,Safe,Safe
data/High/yt_video3_frame000085.jpg,2,High Risk,High
data/High/171056_label.png,2,High Risk,High
data/High/948115_inst_label.png,2,High Risk,High
data/High/yt_video2_frame004276.jpg,2,High Risk,High
data/Safe/frame87358_image.jpg,0,Safe,Safe
data/Moderate/yt_video1_frame002040.jpg,1,Moderate Risk,Moderate
data/High/int_video3_frame000131.jpg,2,High Risk,High
data/High/3103a667-f59ff0c4.jpg,2,High Risk,High
data/Safe/int_video2_frame000451.jpg,0,Safe,Safe
data/High/5119076b-7b1ab84e.jpg,2,High Risk,High
data/High/yt_video3_frame001850.jpg,2,High Risk,High
data/High/custom_moderate_city_traffic_0078.jpg,2,High Risk,High
data/High/77276dd0-358c7f77.jpg,2,High Risk,High
data/Moderate/523103_image.jpg,1,Moderate Risk,Moderate
data/High/7dd75e5e-b4bc523b.jpg,2,High Risk,High
data/Safe/yt_video3_frame001017.jpg,0,Safe,Safe
data/Safe/int_video2_frame000399.jpg,0,Safe,Safe
data/High/a2b9a29c-3c492160.jpg,2,High Risk,High
data/High/yt_video2_frame002721.jpg,2,High Risk,High
data/High/82378f6e-cdfb6435.jpg,2,High Risk,High
data/Moderate/custom_moderate_city_traffic_0043.jpg,1,Moderate Risk,Moderate
data/High/yt_video3_frame010732.jpg,2,High Risk,High
data/High/4a2d58c5-58cfae48.jpg,2,High Risk,High
data/High/8a732173-336806b7.jpg,2,High Risk,High
data/Safe/int_video2_frame000112.jpg,0,Safe,Safe
data/High/yt_video3_frame003316.jpg,2,High Risk,High
data/High/297bc4ec-d33d2b7d.jpg,2,High Risk,High
data/High/2eccb3a0-418a52cd.jpg,2,High Risk,High
data/Safe/int_video2_frame000676.jpg,0,Safe,Safe
data/High/209186_label.png,2,High Risk,High
data/Safe/int_video1_frame000451.jpg,0,Safe,Safe
data/High/yt_video1_frame004236.jpg,2,High Risk,High
data/High/yt_video1_frame004479.jpg,2,High Risk,High
data/High/yt_video3_frame000577.jpg,2,High Risk,High
data/High/022873_inst_label.png,2,High Risk,High
data/High/custom_moderate_city_traffic_0154.jpg,2,High Risk,High
data/Safe/int_video2_frame000508.jpg,0,Safe,Safe
data/Safe/custom_safe_highway_0140.jpg,0,Safe,Safe
data/Safe/int_video3_frame003871.jpg,0,Safe,Safe
data/Safe/int_video2_frame000351.jpg,0,Safe,Safe
data/High/custom_high_risk_rain_0035.jpg,2,High Risk,High
data/High/c1f35f18-a26ccd71.jpg,2,High Risk,High
data/High/yt_video3_frame011471.jpg,2,High Risk,High
data/High/16799b19-553786d9.jpg,2,High Risk,High
data/Safe/int_video2_frame000498.jpg,0,Safe,Safe
data/Safe/yt_video2_frame002260.jpg,0,Safe,Safe
data/Moderate/yt_video2_frame004543.jpg,1,Moderate Risk,Moderate
data/Safe/int_video1_frame000226.jpg,0,Safe,Safe
data/High/int_video3_frame003994.jpg,2,High Risk,High
data/Safe/custom_safe_highway_0103.jpg,0,Safe,Safe
data/High/int_video3_frame005095.jpg,2,High Risk,High
data/High/007246_image.jpg,2,High Risk,High
data/High/0f6bd69d-7e4b3caf.jpg,2,High Risk,High
data/High/488582_label.png,2,High Risk,High
data/High/yt_video2_frame003410.jpg,2,High Risk,High
data/High/int_video3_frame003571.jpg,2,High Risk,High
data/High/03026971-7ff209ef.jpg,2,High Risk,High
data/High/8fbe9d12-2d76cd88.jpg,2,High Risk,High
data/High/yt_video3_frame010211.jpg,2,High Risk,High
data/High/yt_video3_frame005162.jpg,2,High Risk,High
data/Safe/yt_video3_frame001225.jpg,0,Safe,Safe
data/High/331473_image.jpg,2,High Risk,High
data/High/635804_label.png,2,High Risk,High
data/Safe/int_video2_frame000023.jpg,0,Safe,Safe
data/Safe/int_video1_frame000035.jpg,0,Safe,Safe
data/Safe/int_video2_frame000564.jpg,0,Safe,Safe
data/Safe/int_video2_frame000385.jpg,0,Safe,Safe
data/Moderate/int_video3_frame000901.jpg,1,Moderate Risk,Moderate
data/Safe/int_video1_frame000053.jpg,0,Safe,Safe
data/High/3c8b8d73-81482c98.jpg,2,High Risk,High
data/Safe/int_video2_frame000541.jpg,0,Safe,Safe
data/Safe/int_video1_frame000028.jpg,0,Safe,Safe
data/High/frame5266_label.png,2,High Risk,High
data/High/29da0a66-4ee959c4.jpg,2,High Risk,High
data/Safe/int_video2_frame000557.jpg,0,Safe,Safe
data/Safe/8d38ba14-87e3b57b.jpg,0,Safe,Safe
data/High/21fcdca7-5fc35054.jpg,2,High Risk,High
data/High/yt_video3_frame002362.jpg,2,High Risk,High
data/High/18ba0548-0387409d.jpg,2,High Risk,High
data/Safe/int_video1_frame000191.jpg,0,Safe,Safe
data/Safe/int_video2_frame000216.jpg,0,Safe,Safe
data/Safe/int_video2_frame000442.jpg,0,Safe,Safe
data/High/yt_video2_frame003390.jpg,2,High Risk,High
data/Safe/int_video1_frame000552.jpg,0,Safe,Safe
data/High/frame30520_label.png,2,High Risk,High
data/High/custom_moderate_city_traffic_0072.jpg,2,High Risk,High
data/High/yt_video3_frame011650.jpg,2,High Risk,High
data/High/custom_moderate_city_traffic_0018.jpg,2,High Risk,High
data/High/yt_video2_frame000091.jpg,2,High Risk,High
data/Safe/int_video2_frame000255.jpg,0,Safe,Safe
data/High/yt_video3_frame005170.jpg,2,High Risk,High
data/Moderate/yt_video3_frame000200.jpg,1,Moderate Risk,Moderate
data/High/03dbef18-d881c054.jpg,2,High Risk,High
data/High/888058_label.png,2,High Risk,High
data/High/frame1119_label.png,2,High Risk,High
data/Safe/int_video2_frame000069.jpg,0,Safe,Safe
data/High/yt_video1_frame001374.jpg,2,High Risk,High
data/Moderate/yt_video3_frame007794.jpg,1,Moderate Risk,Moderate
data/High/yt_video2_frame000390.jpg,2,High Risk,High
data/High/7b96805c-add3a592.jpg,2,High Risk,High
data/High/frame7694_label.png,2,High Risk,High
data/High/yt_video1_frame002994.jpg,2,High Risk,High
data/High/yt_video3_frame009435.jpg,2,High Risk,High
data/High/custom_safe_highway_0156.jpg,2,High Risk,High
data/High/yt_video2_frame002698.jpg,2,High Risk,High
data/High/yt_video1_frame002892.jpg,2,High Risk,High
data/Safe/yt_video1_frame003124.jpg,0,Safe,Safe
data/High/01534bbe-6b88ae77.jpg,2,High Risk,High
data/High/0004856_image.jpg,2,High Risk,High
data/Safe/yt_video2_frame002643.jpg,0,Safe,Safe
data/High/014810_label.png,2,High Risk,High
data/High/8f03f774-3ebff79a.jpg,2,High Risk,High
data/High/441e0bd4-26d1b3f1.jpg,2,High Risk,High
data/High/500f3e75-46d971d0.jpg,2,High Risk,High
data/Safe/int_video3_frame002850.jpg,0,Safe,Safe
data/High/49aef38d-250cb4d7.jpg,2,High Risk,High
data/High/567438_inst_label.png,2,High Risk,High
data/High/76c54b3d-3d9fd75c.jpg,2,High Risk,High
data/Safe/int_video3_frame004256.jpg,0,Safe,Safe
data/High/yt_video1_frame000170.jpg,2,High Risk,High
data/High/yt_video3_frame002603.jpg,2,High Risk,High
data/Safe/06132c7e-96e59348.jpg,0,Safe,Safe
data/High/yt_video1_frame000912.jpg,2,High Risk,High
data/Safe/int_video1_frame000105.jpg,0,Safe,Safe
data/Safe/int_video1_frame000005.jpg,0,Safe,Safe
data/High/yt_video1_frame000988.jpg,2,High Risk,High
data/High/aad3597b-5e13fd53.jpg,2,High Risk,High
data/High/031637c4-d2a9e7f0.jpg,2,High Risk,High
data/High/yt_video3_frame011851.jpg,2,High Risk,High
data/High/yt_video1_frame003839.jpg,2,High Risk,High
data/Safe/int_video2_frame000434.jpg,0,Safe,Safe
data/High/yt_video3_frame003829.jpg,2,High Risk,High
data/High/yt_video3_frame003396.jpg,2,High Risk,High
data/Safe/yt_video2_frame003079.jpg,0,Safe,Safe
data/Safe/int_video1_frame000211.jpg,0,Safe,Safe
data/Safe/int_video3_frame000956.jpg,0,Safe,Safe
data/High/3bce0a5f-699d416d.jpg,2,High Risk,High
data/High/yt_video3_frame009894.jpg,2,High Risk,High
data/High/0000367_image.jpg,2,High Risk,High
data/Safe/int_video2_frame000334.jpg,0,Safe,Safe
data/High/3f0735e8-5f9c878c.jpg,2,High Risk,High
data/High/custom_high_risk_rain_0068.jpg,2,High Risk,High
data/High/yt_video2_frame000833.jpg,2,High Risk,High
data/High/477753_inst_label.png,2,High Risk,High
data/Safe/int_video1_frame000499.jpg,0,Safe,Safe
data/Safe/int_video1_frame000313.jpg,0,Safe,Safe
data/High/frame78180_inst_label.png,2,High Risk,High
data/High/yt_video1_frame002955.jpg,2,High Risk,High
data/Safe/int_video3_frame005296.jpg,0,Safe,Safe
data/High/frame0014_image.jpg,2,High Risk,High
data/High/357164_image.jpg,2,High Risk,High
data/High/578e3bbe-de81bea6.jpg,2,High Risk,High
data/Safe/int_video3_frame002809.jpg,0,Safe,Safe
data/Safe/int_video2_frame000301.jpg,0,Safe,Safe
data/Safe/int_video2_frame000439.jpg,0,Safe,Safe
data/High/custom_moderate_city_traffic_0045.jpg,2,High Risk,High
data/Safe/custom_safe_highway_0128.jpg,0,Safe,Safe
data/High/yt_video2_frame000271.jpg,2,High Risk,High
data/High/yt_video3_frame001841.jpg,2,High Risk,High
data/High/506700_inst_label.png,2,High Risk,High
data/Safe/int_video2_frame000209.jpg,0,Safe,Safe
data/Safe/int_video1_frame000441.jpg,0,Safe,Safe
data/High/a5687e7b-9e95229c.jpg,2,High Risk,High
data/High/yt_video1_frame000007.jpg,2,High Risk,High
data/High/custom_high_risk_rain_0034.jpg,2,High Risk,High
data/High/yt_video2_frame002257.jpg,2,High Risk,High
data/Moderate/yt_video2_frame004033.jpg,1,Moderate Risk,Moderate
data/High/875048_image.jpg,2,High Risk,High
data/Safe/custom_safe_highway_0086.jpg,0,Safe,Safe
data/Safe/int_video3_frame001009.jpg,0,Safe,Safe
data/High/yt_video1_frame001989.jpg,2,High Risk,High
data/High/yt_video2_frame001034.jpg,2,High Risk,High
data/High/yt_video3_frame002216.jpg,2,High Risk,High
data/Safe/int_video1_frame000262.jpg,0,Safe,Safe
data/High/yt_video1_frame004093.jpg,2,High Risk,High
data/Safe/int_video1_frame000219.jpg,0,Safe,Safe
data/Safe/int_video3_frame004295.jpg,0,Safe,Safe
data/High/1d81a9da-5d351a62.jpg,2,High Risk,High
data/High/custom_high_risk_rain_0018.jpg,2,High Risk,High
data/High/custom_safe_highway_0125.jpg,2,High Risk,High
data/Safe/int_video3_frame002039.jpg,0,Safe,Safe
data/High/5cf1aa75-6bbe03c9.jpg,2,High Risk,High
data/High/yt_video1_frame002493.jpg,2,High Risk,High
data/High/yt_video1_frame004486.jpg,2,High Risk,High
data/High/custom_moderate_city_traffic_0047.jpg,2,High Risk,High
data/Safe/int_video3_frame003848.jpg,0,Safe,Safe
data/High/custom_safe_highway_0169.jpg,2,High Risk,High
data/Safe/217a9dbf-66fb35a5.jpg,0,Safe,Safe
data/High/c0c9ec9a-d3638a82.jpg,2,High Risk,High
data/Safe/custom_safe_highway_0007.jpg,0,Safe,Safe
data/Moderate/custom_high_risk_rain_0106.jpg,1,Moderate Risk,Moderate
data/Safe/int_video1_frame000334.jpg,0,Safe,Safe
data/Safe/int_video1_frame000335.jpg,0,Safe,Safe
data/High/159777_label.png,2,High Risk,High
data/Moderate/yt_video2_frame000859.jpg,1,Moderate Risk,Moderate
data/High/custom_high_risk_rain_0143.jpg,2,High Risk,High
data/High/018226_inst_label.png,2,High Risk,High
data/High/10f1b8b5-cdd37d24.jpg,2,High Risk,High
data/Safe/int_video2_frame000602.jpg,0,Safe,Safe
data/Safe/int_video1_frame000097.jpg,0,Safe,Safe
data/High/15321f2c-393f2b5e.jpg,2,High Risk,High
data/High/custom_high_risk_rain_0070.jpg,2,High Risk,High
data/Safe/int_video2_frame000350.jpg,0,Safe,Safe
data/High/yt_video3_frame003174.jpg,2,High Risk,High
data/Safe/int_video3_frame002115.jpg,0,Safe,Safe
data/Safe/int_video1_frame000110.jpg,0,Safe,Safe
data/High/62daf7d2-457d121f.jpg,2,High Risk,High
data/Safe/int_video2_frame000539.jpg,0,Safe,Safe
data/High/yt_video2_frame000969.jpg,2,High Risk,High
data/High/18b6d1e2-caa13b16.jpg,2,High Risk,High
data/High/yt_video1_frame001061.jpg,2,High Risk,High
data/High/0784b1ab-5262cb41.jpg,2,High Risk,High
data/High/yt_video1_frame004264.jpg,2,High Risk,High
data/Safe/int_video2_frame000251.jpg,0,Safe,Safe
data/Safe/int_video2_frame000485.jpg,0,Safe,Safe
data/High/custom_safe_highway_0151.jpg,2,High Risk,High
data/Safe/int_video2_frame000372.jpg,0,Safe,Safe
data/Safe/int_video1_frame000480.jpg,0,Safe,Safe
data/High/yt_video3_frame011278.jpg,2,High Risk,High
data/High/yt_video2_frame001789.jpg,2,High Risk,High
data/High/custom_high_risk_rain_0118.jpg,2,High Risk,High
data/Moderate/yt_video2_frame000027.jpg,1,Moderate Risk,Moderate
data/High/custom_high_risk_rain_0041.jpg,2,High Risk,High
data/High/yt_video2_frame002056.jpg,2,High Risk,High
data/Safe/custom_high_risk_rain_0154.jpg,0,Safe,Safe
data/High/yt_video3_frame012254.jpg,2,High Risk,High
data/High/frame8666_image.jpg,2,High Risk,High
data/High/yt_video3_frame007766.jpg,2,High Risk,High
data/Safe/int_video1_frame000137.jpg,0,Safe,Safe
data/Safe/int_video1_frame000475.jpg,0,Safe,Safe
data/High/0003725_label.png,2,High Risk,High
data/Safe/int_video1_frame000199.jpg,0,Safe,Safe
data/Safe/yt_video2_frame001397.jpg,0,Safe,Safe
data/Safe/int_video1_frame000156.jpg,0,Safe,Safe
data/High/yt_video1_frame002975.jpg,2,High Risk,High
data/High/frame11266_inst_label.png,2,High Risk,High
data/High/0012289_label.png,2,High Risk,High
data/High/frame4589_label.png,2,High Risk,High
data/High/yt_video2_frame000881.jpg,2,High Risk,High
data/High/int_video3_frame001218.jpg,2,High Risk,High
data/Safe/custom_safe_highway_0095.jpg,0,Safe,Safe
data/Moderate/4bf7ecd6-ba913580.jpg,1,Moderate Risk,Moderate
data/Safe/custom_safe_highway_0099.jpg,0,Safe,Safe
data/Safe/int_video3_frame002856.jpg,0,Safe,Safe
data/Safe/custom_moderate_city_traffic_0147.jpg,0,Safe,Safe
data/High/frame15144_label.png,2,High Risk,High
data/High/yt_video2_frame003442.jpg,2,High Risk,High
data/Safe/yt_video3_frame002092.jpg,0,Safe,Safe
data/High/yt_video3_frame004638.jpg,2,High Risk,High
data/High/09b978e2-d23f214b.jpg,2,High Risk,High
data/High/yt_video3_frame011427.jpg,2,High Risk,High
data/High/frame32762_image.jpg,2,High Risk,High
data/Safe/int_video3_frame005516.jpg,0,Safe,Safe
data/High/frame10158_image.jpg,2,High Risk,High
data/High/77bdbeb0-e5288446.jpg,2,High Risk,High
data/High/76c7bdb4-01d368b2.jpg,2,High Risk,High
data/High/126888_image.jpg,2,High Risk,High
data/Safe/yt_video3_frame006931.jpg,0,Safe,Safe
data/Safe/custom_safe_highway_0106.jpg,0,Safe,Safe
data/High/0dd60c33-657759b7.jpg,2,High Risk,High
data/High/frame7320_image.jpg,2,High Risk,High
data/Safe/int_video2_frame000623.jpg,0,Safe,Safe
data/Safe/int_video2_frame000414.jpg,0,Safe,Safe
data/Safe/int_video1_frame000547.jpg,0,Safe,Safe
data/High/int_video3_frame004792.jpg,2,High Risk,High
data/High/027076_inst_label.png,2,High Risk,High
data/High/int_video3_frame004879.jpg,2,High Risk,High
data/High/yt_video2_frame000275.jpg,2,High Risk,High
data/High/int_video3_frame003665.jpg,2,High Risk,High
data/High/custom_moderate_city_traffic_0126.jpg,2,High Risk,High
data/Safe/015885_image.jpg,0,Safe,Safe
data/High/yt_video3_frame011756.jpg,2,High Risk,High
data/High/9e7cb14a-4c53e164.jpg,2,High Risk,High
data/High/custom_safe_highway_0048.jpg,2,High Risk,High
data/Safe/custom_high_risk_rain_0151.jpg,0,Safe,Safe
data/High/455768_image.jpg,2,High Risk,High
data/Safe/int_video1_frame000447.jpg,0,Safe,Safe
data/High/yt_video3_frame011329.jpg,2,High Risk,High
data/High/yt_video2_frame003732.jpg,2,High Risk,High
data/High/yt_video1_frame001453.jpg,2,High Risk,High
data/High/aa94c316-ef205437.jpg,2,High Risk,High
data/High/yt_video3_frame007734.jpg,2,High Risk,High
data/Safe/custom_safe_highway_0134.jpg,0,Safe,Safe
data/Safe/856978_image.jpg,0,Safe,Safe
data/Safe/int_video3_frame002754.jpg,0,Safe,Safe
data/High/13dcc2ca-5e94475c.jpg,2,High Risk,High
data/High/yt_video3_frame003353.jpg,2,High Risk,High
data/Moderate/yt_video2_frame003280.jpg,1,Moderate Risk,Moderate
data/Safe/int_video1_frame000616.jpg,0,Safe,Safe
data/High/a4bf9dc8-abba9b3e.jpg,2,High Risk,High
data/Moderate/yt_video2_frame004698.jpg,1,Moderate Risk,Moderate
data/Safe/custom_safe_highway_0098.jpg,0,Safe,Safe
data/High/frame24567_inst_label.png,2,High Risk,High
data/High/008dd3b9-4b6790d5.jpg,2,High Risk,High
data/High/int_video3_frame001825.jpg,2,High Risk,High
data/Safe/int_video2_frame000420.jpg,0,Safe,Safe
data/High/092468_inst_label.png,2,High Risk,High
data/High/custom_high_risk_rain_0064.jpg,2,High Risk,High
data/High/yt_video1_frame000033.jpg,2,High Risk,High
data/Safe/yt_video3_frame001992.jpg,0,Safe,Safe
data/Safe/yt_video3_frame006449.jpg,0,Safe,Safe
data/Safe/yt_video3_frame001997.jpg,0,Safe,Safe
data/Safe/int_video3_frame005218.jpg,0,Safe,Safe
data/High/32e9754a-6a15e790.jpg,2,High Risk,High
data/Safe/int_video1_frame000564.jpg,0,Safe,Safe
data/Safe/int_video3_frame003834.jpg,0,Safe,Safe
data/High/0045748_image.jpg,2,High Risk,High
data/High/yt_video2_frame003752.jpg,2,High Risk,High
data/High/frame11832_image.jpg,2,High Risk,High
data/Safe/int_video3_frame003246.jpg,0,Safe,Safe
data/Safe/int_video3_frame001350.jpg,0,Safe,Safe
data/Safe/int_video1_frame000223.jpg,0,Safe,Safe
data/High/yt_video2_frame001991.jpg,2,High Risk,High
data/Safe/int_video2_frame000544.jpg,0,Safe,Safe
data/Safe/58ef8c61-875a1660.jpg,0,Safe,Safe
data/High/int_video3_frame003340.jpg,2,High Risk,High
data/High/01079b7f-54afc9ad.jpg,2,High Risk,High
data/Safe/int_video3_frame000808.jpg,0,Safe,Safe
data/High/yt_video3_frame008422.jpg,2,High Risk,High
data/Safe/int_video1_frame000560.jpg,0,Safe,Safe
data/Safe/int_video2_frame000427.jpg,0,Safe,Safe
data/Safe/int_video1_frame000427.jpg,0,Safe,Safe
data/High/yt_video3_frame004350.jpg,2,High Risk,High
data/Safe/int_video1_frame000163.jpg,0,Safe,Safe
data/High/yt_video1_frame002062.jpg,2,High Risk,High
data/High/yt_video2_frame000690.jpg,2,High Risk,High
data/High/662706_image.jpg,2,High Risk,High
data/Safe/int_video1_frame000278.jpg,0,Safe,Safe
data/High/5b9a2480-c376fa5e.jpg,2,High Risk,High
data/High/yt_video1_frame002651.jpg,2,High Risk,High
data/Safe/int_video1_frame000169.jpg,0,Safe,Safe
data/High/aba98642-736b011e.jpg,2,High Risk,High
data/High/frame58999_image.jpg,2,High Risk,High
data/Safe/int_video3_frame002508.jpg,0,Safe,Safe
data/High/yt_video1_frame000824.jpg,2,High Risk,High
data/Safe/int_video1_frame000081.jpg,0,Safe,Safe
data/High/frame0719_label.png,2,High Risk,High
data/High/0014750_inst_label.png,2,High Risk,High
data/High/b7d13f97-221ebf7b.jpg,2,High Risk,High
data/High/39e7b768-dc89c5e4.jpg,2,High Risk,High
data/High/9f4b1d25-b7b1f112.jpg,2,High Risk,High
data/High/yt_video3_frame002999.jpg,2,High Risk,High
data/High/custom_safe_highway_0044.jpg,2,High Risk,High
data/Safe/int_video2_frame000266.jpg,0,Safe,Safe
data/Safe/yt_video1_frame000593.jpg,0,Safe,Safe
data/Safe/a1d0d116-a9a2ffdb.jpg,0,Safe,Safe
data/Safe/int_video1_frame000294.jpg,0,Safe,Safe
data/High/50e1d290-96983c00.jpg,2,High Risk,High
data/High/yt_video3_frame003083.jpg,2,High Risk,High
data/Safe/yt_video2_frame002245.jpg,0,Safe,Safe
data/High/04095551-efe2622a.jpg,2,High Risk,High
data/High/c172eb28-fbd07793.jpg,2,High Risk,High
data/High/0830c485-03dfa954.jpg,2,High Risk,High
data/Safe/int_video1_frame000120.jpg,0,Safe,Safe
data/Safe/int_video1_frame000371.jpg,0,Safe,Safe
data/High/97687efb-5ded65c2.jpg,2,High Risk,High
data/Safe/799360_image.jpg,0,Safe,Safe
data/High/939003_image.jpg,2,High Risk,High
data/High/505e5618-fb1473c2.jpg,2,High Risk,High
data/Safe/int_video2_frame000525.jpg,0,Safe,Safe
data/High/0017148_inst_label.png,2,High Risk,High
data/Safe/int_video2_frame000311.jpg,0,Safe,Safe
data/Safe/int_video1_frame000321.jpg,0,Safe,Safe
data/Safe/int_video3_frame004921.jpg,0,Safe,Safe
data/High/8735afd9-4b2fe23d.jpg,2,High Risk,High
data/Safe/int_video2_frame000150.jpg,0,Safe,Safe
data/Moderate/yt_video1_frame000062.jpg,1,Moderate Risk,Moderate
data/Safe/int_video2_frame000131.jpg,0,Safe,Safe
data/Safe/yt_video3_frame000907.jpg,0,Safe,Safe
data/High/be819732-9cff62ba.jpg,2,High Risk,High
data/Moderate/8d8b8726-94a90861.jpg,1,Moderate Risk,Moderate
data/Safe/int_video1_frame000018.jpg,0,Safe,Safe
data/High/int_video3_frame002687.jpg,2,High Risk,High
data/High/yt_video2_frame000890.jpg,2,High Risk,High
data/High/60bce1e9-71452726.jpg,2,High Risk,High
data/High/yt_video2_frame003800.jpg,2,High Risk,High
data/High/yt_video2_frame000387.jpg,2,High Risk,High
data/High/yt_video1_frame000265.jpg,2,High Risk,High
data/High/a55bf6a5-45499cd2.jpg,2,High Risk,High
data/High/1132376c-225a7e0f.jpg,2,High Risk,High
data/Moderate/int_video3_frame000897.jpg,1,Moderate Risk,Moderate
data/Moderate/custom_moderate_city_traffic_0156.jpg,1,Moderate Risk,Moderate
data/High/yt_video2_frame004005.jpg,2,High Risk,High
data/High/777e81af-58abfcb1.jpg,2,High Risk,High
data/High/568006_inst_label.png,2,High Risk,High
data/Safe/int_video2_frame000264.jpg,0,Safe,Safe
data/High/1905dbc0-d6b8dbb8.jpg,2,High Risk,High
data/Safe/int_video1_frame000522.jpg,0,Safe,Safe
data/High/yt_video3_frame008126.jpg,2,High Risk,High
data/Safe/int_video1_frame000304.jpg,0,Safe,Safe
data/Safe/int_video2_frame000658.jpg,0,Safe,Safe
data/High/int_video3_frame004384.jpg,2,High Risk,High
data/High/69713327-fd8d6872.jpg,2,High Risk,High
data/High/023356_image.jpg,2,High Risk,High
data/Safe/int_video3_frame005294.jpg,0,Safe,Safe
data/High/916102_inst_label.png,2,High Risk,High
data/Safe/int_video3_frame004944.jpg,0,Safe,Safe
data/Moderate/yt_video1_frame000541.jpg,1,Moderate Risk,Moderate
data/High/14d895d8-4e4b302c.jpg,2,High Risk,High
data/High/770996b7-6fe3ed41.jpg,2,High Risk,High
data/High/6ed95151-581765da.jpg,2,High Risk,High
data/High/ab5914fc-e2b991ff.jpg,2,High Risk,High
data/Safe/int_video2_frame000365.jpg,0,Safe,Safe
data/Safe/int_video1_frame000483.jpg,0,Safe,Safe
data/Moderate/yt_video3_frame000245.jpg,1,Moderate Risk,Moderate
data/Safe/24c1fe96-be817014.jpg,0,Safe,Safe
data/Moderate/9c59583c-b467ba42.jpg,1,Moderate Risk,Moderate
data/High/yt_video3_frame010496.jpg,2,High Risk,High
data/High/878528_image.jpg,2,High Risk,High
data/Safe/int_video1_frame000094.jpg,0,Safe,Safe
data/High/custom_high_risk_rain_0109.jpg,2,High Risk,High
data/High/yt_video3_frame009143.jpg,2,High Risk,High
data/High/yt_video3_frame013917.jpg,2,High Risk,High
data/High/c39b357e-5a90a6b6.jpg,2,High Risk,High
data/High/int_video3_frame004280.jpg,2,High Risk,High
data/Safe/int_video1_frame000095.jpg,0,Safe,Safe
data/Safe/int_video1_frame000249.jpg,0,Safe,Safe
data/High/yt_video2_frame000429.jpg,2,High Risk,High
data/High/int_video3_frame001486.jpg,2,High Risk,High
data/High/453dc5bc-70ad5ddf.jpg,2,High Risk,High
data/High/c633cafb-496ee40f.jpg,2,High Risk,High
data/Moderate/813a9f4c-056f4a5e.jpg,1,Moderate Risk,Moderate
data/Safe/yt_video2_frame003957.jpg,0,Safe,Safe
data/Safe/int_video2_frame000193.jpg,0,Safe,Safe
data/High/5c0702e5-2cfd263e.jpg,2,High Risk,High
data/High/yt_video1_frame002711.jpg,2,High Risk,High
data/Safe/int_video1_frame000268.jpg,0,Safe,Safe
data/Safe/int_video1_frame000595.jpg,0,Safe,Safe
data/Safe/int_video2_frame000133.jpg,0,Safe,Safe
data/High/6d428cb4-05bc4c55.jpg,2,High Risk,High
data/High/yt_video2_frame003195.jpg,2,High Risk,High
data/Safe/int_video3_frame001245.jpg,0,Safe,Safe
data/Safe/int_video2_frame000674.jpg,0,Safe,Safe
data/High/int_video3_frame003613.jpg,2,High Risk,High
data/Safe/int_video3_frame004907.jpg,0,Safe,Safe
data/High/frame8459_label.png,2,High Risk,High
data/High/custom_high_risk_rain_0052.jpg,2,High Risk,High
data/High/yt_video3_frame004417.jpg,2,High Risk,High
data/High/frame10017_image.jpg,2,High Risk,High
data/Safe/int_video1_frame000308.jpg,0,Safe,Safe
data/High/58bcc213-6cf6f0c3.jpg,2,High Risk,High
data/High/4de4e4b8-8e28b5e0.jpg,2,High Risk,High
data/High/yt_video1_frame003073.jpg,2,High Risk,High
data/High/8abe5615-7798310d.jpg,2,High Risk,High
data/High/yt_video3_frame005959.jpg,2,High Risk,High
data/High/236264_inst_label.png,2,High Risk,High
data/Safe/yt_video2_frame002180.jpg,0,Safe,Safe
data/High/custom_safe_highway_0029.jpg,2,High Risk,High
data/High/yt_video3_frame006869.jpg,2,High Risk,High
data/Safe/aa889a05-eea0d18b.jpg,0,Safe,Safe
data/Safe/int_video1_frame000298.jpg,0,Safe,Safe
data/Safe/int_video3_frame004698.jpg,0,Safe,Safe
data/High/0000192_label.png,2,High Risk,High
data/High/006121_inst_label.png,2,High Risk,High
data/High/yt_video3_frame003649.jpg,2,High Risk,High
data/Safe/int_video2_frame000616.jpg,0,Safe,Safe
data/High/custom_high_risk_rain_0022.jpg,2,High Risk,High
data/Safe/int_video1_frame000386.jpg,0,Safe,Safe
data/Safe/int_video2_frame000654.jpg,0,Safe,Safe
data/Safe/int_video2_frame000227.jpg,0,Safe,Safe
data/High/yt_video1_frame003827.jpg,2,High Risk,High
data/Safe/int_video1_frame000536.jpg,0,Safe,Safe
data/High/94cbb1bd-3265c175.jpg,2,High Risk,High
data/High/c8c9db85-9d8a90c1.jpg,2,High Risk,High
data/Safe/int_video2_frame000236.jpg,0,Safe,Safe
data/High/custom_safe_highway_0154.jpg,2,High Risk,High
data/High/frame9899_label.png,2,High Risk,High
data/High/yt_video1_frame000699.jpg,2,High Risk,High
data/High/frame75180_label.png,2,High Risk,High
data/Safe/int_video3_frame000621.jpg,0,Safe,Safe
data/Safe/int_video3_frame005227.jpg,0,Safe,Safe
data/Safe/int_video3_frame000663.jpg,0,Safe,Safe
data/High/42e4c5d5-0cbce4cf.jpg,2,High Risk,High
data/Safe/yt_video3_frame010168.jpg,0,Safe,Safe
data/High/yt_video2_frame003987.jpg,2,High Risk,High
data/Safe/int_video3_frame000789.jpg,0,Safe,Safe
data/High/yt_video3_frame003217.jpg,2,High Risk,High
data/High/yt_video3_frame004837.jpg,2,High Risk,High
data/Safe/int_video2_frame000374.jpg,0,Safe,Safe
data/High/yt_video1_frame000811.jpg,2,High Risk,High
data/High/yt_video1_frame004428.jpg,2,High Risk,High
data/Safe/int_video2_frame000458.jpg,0,Safe,Safe
data/High/yt_video1_frame003822.jpg,2,High Risk,High
data/High/yt_video1_frame001163.jpg,2,High Risk,High
data/High/yt_video2_frame003174.jpg,2,High Risk,High
data/High/053bc093-b2c08f56.jpg,2,High Risk,High
data/High/frame1754_inst_label.png,2,High Risk,High
data/High/frame8122_inst_label.png,2,High Risk,High
data/Safe/int_video1_frame000206.jpg,0,Safe,Safe
data/Safe/int_video2_frame000615.jpg,0,Safe,Safe
data/Safe/42c1fbc0-0d445c50.jpg,0,Safe,Safe
data/High/yt_video1_frame003207.jpg,2,High Risk,High
data/High/0008326_inst_label.png,2,High Risk,High
data/Safe/int_video3_frame003056.jpg,0,Safe,Safe
data/High/int_video3_frame003892.jpg,2,High Risk,High
data/Safe/int_video1_frame000492.jpg,0,Safe,Safe
data/Safe/int_video2_frame000018.jpg,0,Safe,Safe
data/High/5749b012-42587de2.jpg,2,High Risk,High
data/Safe/int_video2_frame000448.jpg,0,Safe,Safe
data/Safe/yt_video3_frame002082.jpg,0,Safe,Safe
data/Moderate/yt_video2_frame004266.jpg,1,Moderate Risk,Moderate
data/High/yt_video3_frame009791.jpg,2,High Risk,High
data/High/0b392d27-4ce0684d.jpg,2,High Risk,High
data/High/25f414f7-66a9588a.jpg,2,High Risk,High
data/High/0009582_label.png,2,High Risk,High
data/High/yt_video3_frame009290.jpg,2,High Risk,High
data/High/22ce3a22-3f73d09a.jpg,2,High Risk,High
data/Safe/int_video1_frame000341.jpg,0,Safe,Safe
data/High/yt_video3_frame004704.jpg,2,High Risk,High
data/Safe/int_video1_frame000192.jpg,0,Safe,Safe
data/High/yt_video2_frame003557.jpg,2,High Risk,High
data/High/5d879a64-212aa150.jpg,2,High Risk,High
data/Safe/int_video1_frame000513.jpg,0,Safe,Safe
data/High/02f11fd9-29728135.jpg,2,High Risk,High
data/Moderate/4d065f29-e6e2bbbf.jpg,1,Moderate Risk,Moderate
data/High/016719_inst_label.png,2,High Risk,High
data/High/int_video3_frame001965.jpg,2,High Risk,High
data/Safe/c9d7b898-27eba05f.jpg,0,Safe,Safe
data/Safe/int_video2_frame000272.jpg,0,Safe,Safe
data/Safe/custom_moderate_city_traffic_0001.jpg,0,Safe,Safe
data/High/6e40074d-c494b4a0.jpg,2,High Risk,High
data/Safe/int_video2_frame000082.jpg,0,Safe,Safe
data/Safe/yt_video2_frame004349.jpg,0,Safe,Safe
data/High/7f69cd60-0569ec5a.jpg,2,High Risk,High
data/Safe/frame4439_image.jpg,0,Safe,Safe
data/Moderate/a19ee994-3250d47a.jpg,1,Moderate Risk,Moderate
data/Safe/2b770aae-20165b60.jpg,0,Safe,Safe
data/Safe/int_video3_frame002781.jpg,0,Safe,Safe
data/High/yt_video3_frame013065.jpg,2,High Risk,High
data/High/custom_high_risk_rain_0051.jpg,2,High Risk,High
data/Safe/int_video1_frame000551.jpg,0,Safe,Safe
data/High/yt_video1_frame002490.jpg,2,High Risk,High
data/High/2d886e65-42154730.jpg,2,High Risk,High
data/High/yt_video2_frame003768.jpg,2,High Risk,High
data/Safe/int_video2_frame000006.jpg,0,Safe,Safe
data/High/7dc2914d-37a6d146.jpg,2,High Risk,High
data/Safe/int_video2_frame000634.jpg,0,Safe,Safe
data/Safe/yt_video2_frame001186.jpg,0,Safe,Safe
data/High/yt_video3_frame007330.jpg,2,High Risk,High
data/Safe/int_video2_frame000643.jpg,0,Safe,Safe
data/High/431992_label.png,2,High Risk,High
data/Safe/int_video2_frame000123.jpg,0,Safe,Safe
data/High/yt_video1_frame003341.jpg,2,High Risk,High
data/High/9fdb240a-10cdd05a.jpg,2,High Risk,High
data/High/yt_video3_frame002883.jpg,2,High Risk,High
data/Safe/int_video1_frame000566.jpg,0,Safe,Safe
data/High/custom_high_risk_rain_0156.jpg,2,High Risk,High
data/High/yt_video2_frame002089.jpg,2,High Risk,High
data/High/94578500-ad20564e.jpg,2,High Risk,High
data/High/yt_video2_frame000381.jpg,2,High Risk,High
data/Safe/int_video1_frame000422.jpg,0,Safe,Safe
data/Safe/yt_video2_frame001215.jpg,0,Safe,Safe
data/High/yt_video1_frame004115.jpg,2,High Risk,High
data/High/int_video3_frame003592.jpg,2,High Risk,High
data/Safe/int_video2_frame000597.jpg,0,Safe,Safe
data/High/yt_video3_frame008447.jpg,2,High Risk,High
data/High/yt_video3_frame011674.jpg,2,High Risk,High
data/Safe/int_video1_frame000216.jpg,0,Safe,Safe
data/High/6afa5563-695a9674.jpg,2,High Risk,High
data/Safe/int_video3_frame001990.jpg,0,Safe,Safe
data/High/80b0b8c1-b7cac2de.jpg,2,High Risk,High
data/High/yt_video1_frame000606.jpg,2,High Risk,High
data/High/yt_video3_frame002934.jpg,2,High Risk,High
data/High/000065_inst_label.png,2,High Risk,High
data/Safe/int_video1_frame000576.jpg,0,Safe,Safe
data/Safe/yt_video2_frame003049.jpg,0,Safe,Safe
data/High/0000215_image.jpg,2,High Risk,High
data/Safe/yt_video1_frame003774.jpg,0,Safe,Safe
data/Safe/int_video2_frame000418.jpg,0,Safe,Safe
data/High/frame2451_image.jpg,2,High Risk,High
data/Safe/int_video1_frame000574.jpg,0,Safe,Safe
data/High/yt_video3_frame002786.jpg,2,High Risk,High
data/Safe/int_video2_frame000346.jpg,0,Safe,Safe
data/High/456ccd07-75cb5b78.jpg,2,High Risk,High
data/High/012163_inst_label.png,2,High Risk,High
data/High/35c7dd4a-6569633c.jpg,2,High Risk,High
data/Safe/int_video2_frame000257.jpg,0,Safe,Safe
data/High/5ca9cc2c-3a8d901b.jpg,2,High Risk,High
data/Safe/int_video2_frame000355.jpg,0,Safe,Safe
data/High/frame26571_label.png,2,High Risk,High
data/High/frame15880_label.png,2,High Risk,High
data/Moderate/yt_video1_frame003572.jpg,1,Moderate Risk,Moderate
data/High/af0ffe11-31467fd4.jpg,2,High Risk,High
data/Safe/int_video1_frame000159.jpg,0,Safe,Safe
data/High/yt_video3_frame009064.jpg,2,High Risk,High
data/Safe/int_video2_frame000599.jpg,0,Safe,Safe
data/High/yt_video1_frame002350.jpg,2,High Risk,High
data/Safe/int_video1_frame000320.jpg,0,Safe,Safe
data/High/0009985_inst_label.png,2,High Risk,High
data/High/int_video3_frame005346.jpg,2,High Risk,High
data/Safe/int_video1_frame000454.jpg,0,Safe,Safe
data/Safe/int_video1_frame000306.jpg,0,Safe,Safe
data/Safe/int_video2_frame000128.jpg,0,Safe,Safe
data/High/yt_video2_frame002383.jpg,2,High Risk,High
data/High/custom_safe_highway_0039.jpg,2,High Risk,High
data/Safe/frame17135_image.jpg,0,Safe,Safe
data/High/8ec9dbb2-da6c2c5d.jpg,2,High Risk,High
data/High/0018578_image.jpg,2,High Risk,High
data/High/yt_video3_frame010210.jpg,2,High Risk,High
data/High/yt_video1_frame000432.jpg,2,High Risk,High
data/High/10c2d350-e252ec66.jpg,2,High Risk,High
data/High/yt_video3_frame005427.jpg,2,High Risk,High
data/Safe/int_video1_frame000349.jpg,0,Safe,Safe
data/Safe/int_video2_frame000518.jpg,0,Safe,Safe
data/High/yt_video1_frame002271.jpg,2,High Risk,High
data/High/0003384_image.jpg,2,High Risk,High
data/Safe/aff9360d-f157db41.jpg,0,Safe,Safe
data/High/custom_high_risk_rain_0071.jpg,2,High Risk,High
data/High/custom_high_risk_rain_0044.jpg,2,High Risk,High
data/Safe/int_video1_frame000539.jpg,0,Safe,Safe
data/High/yt_video2_frame000936.jpg,2,High Risk,High
data/High/0e55f54c-11c85cce.jpg,2,High Risk,High
data/High/a62f6b94-bbe4fb6f.jpg,2,High Risk,High
data/Moderate/custom_moderate_city_traffic_0140.jpg,1,Moderate Risk,Moderate
data/Safe/int_video1_frame000327.jpg,0,Safe,Safe
data/Safe/8ba13694-a1249ada.jpg,0,Safe,Safe
data/Safe/custom_safe_highway_0115.jpg,0,Safe,Safe
data/High/frame35392_inst_label.png,2,High Risk,High
data/Safe/custom_moderate_city_traffic_0024.jpg,0,Safe,Safe
data/Safe/yt_video1_frame000639.jpg,0,Safe,Safe
data/Safe/int_video3_frame005490.jpg,0,Safe,Safe
data/High/025636_label.png,2,High Risk,High
data/High/frame1769_label.png,2,High Risk,High
data/High/yt_video3_frame008439.jpg,2,High Risk,High
data/High/975cf5c5-49a22d69.jpg,2,High Risk,High
data/Safe/int_video2_frame000318.jpg,0,Safe,Safe
data/Safe/int_video3_frame005454.jpg,0,Safe,Safe
data/High/yt_video2_frame003934.jpg,2,High Risk,High
data/High/39bfc1f0-51e2ae26.jpg,2,High Risk,High
data/High/yt_video3_frame012194.jpg,2,High Risk,High
data/Safe/int_video2_frame000573.jpg,0,Safe,Safe
data/High/5d0dd1ba-93582cb1.jpg,2,High Risk,High
data/Safe/int_video1_frame000037.jpg,0,Safe,Safe
data/Safe/int_video3_frame001851.jpg,0,Safe,Safe
data/Safe/int_video1_frame000039.jpg,0,Safe,Safe
data/Safe/frame8804_image.jpg,0,Safe,Safe
data/Safe/custom_high_risk_rain_0155.jpg,0,Safe,Safe
data/High/int_video3_frame001221.jpg,2,High Risk,High
data/High/yt_video3_frame003823.jpg,2,High Risk,High
data/High/frame32421_label.png,2,High Risk,High
data/Safe/int_video3_frame005135.jpg,0,Safe,Safe
data/High/73359fed-311f7e45.jpg,2,High Risk,High
data/High/721205_image.jpg,2,High Risk,High
data/Safe/int_video1_frame000389.jpg,0,Safe,Safe
data/Safe/int_video3_frame002730.jpg,0,Safe,Safe
data/High/yt_video3_frame000512.jpg,2,High Risk,High
data/High/96bc24a2-3ed35891.jpg,2,High Risk,High
data/High/yt_video3_frame004255.jpg,2,High Risk,High
data/High/916752_inst_label.png,2,High Risk,High
data/High/custom_moderate_city_traffic_0143.jpg,2,High Risk,High
data/Safe/int_video1_frame000124.jpg,0,Safe,Safe
data/High/yt_video1_frame000803.jpg,2,High Risk,High
data/High/yt_video3_frame011854.jpg,2,High Risk,High
data/High/03d75135-83a7f6a0.jpg,2,High Risk,High
data/Safe/custom_safe_highway_0104.jpg,0,Safe,Safe
data/High/yt_video3_frame011181.jpg,2,High Risk,High
data/Moderate/595963_image.jpg,1,Moderate Risk,Moderate
data/High/076428_label.png,2,High Risk,High
data/Safe/int_video1_frame000068.jpg,0,Safe,Safe
data/High/int_video3_frame004775.jpg,2,High Risk,High
data/High/7c5050b6-7064d812.jpg,2,High Risk,High
data/High/2424fdb0-37fb632a.jpg,2,High Risk,High
data/Safe/int_video2_frame000371.jpg,0,Safe,Safe
data/Safe/yt_video3_frame000766.jpg,0,Safe,Safe
data/Safe/yt_video1_frame003449.jpg,0,Safe,Safe
data/High/yt_video3_frame003366.jpg,2,High Risk,High
data/High/custom_safe_highway_0057.jpg,2,High Risk,High
data/Safe/int_video2_frame000406.jpg,0,Safe,Safe
data/Safe/int_video3_frame004231.jpg,0,Safe,Safe
data/Safe/int_video1_frame000479.jpg,0,Safe,Safe
data/High/yt_video1_frame003003.jpg,2,High Risk,High
data/Safe/47545163-ef9895f2.jpg,0,Safe,Safe
data/High/05296fa8-248ff695.jpg,2,High Risk,High
data/High/4246fadc-63b4fe19.jpg,2,High Risk,High
data/Safe/int_video1_frame000542.jpg,0,Safe,Safe
data/High/562315a3-4f29a217.jpg,2,High Risk,High
data/High/yt_video2_frame000467.jpg,2,High Risk,High
data/Safe/yt_video1_frame002462.jpg,0,Safe,Safe
data/Safe/int_video1_frame000326.jpg,0,Safe,Safe
data/High/56a675ab-e4aba859.jpg,2,High Risk,High
data/Safe/yt_video2_frame001225.jpg,0,Safe,Safe
data/Safe/frame4394_image.jpg,0,Safe,Safe
data/High/a7c405a9-cbb11b89.jpg,2,High Risk,High
data/Safe/int_video3_frame005539.jpg,0,Safe,Safe
data/High/ac94dc1f-673c77f0.jpg,2,High Risk,High
data/High/50bc96df-93fbc6bc.jpg,2,High Risk,High
data/Safe/int_video1_frame000161.jpg,0,Safe,Safe
data/High/custom_moderate_city_traffic_0145.jpg,2,High Risk,High
data/High/0001657_image.jpg,2,High Risk,High
data/High/yt_video2_frame003729.jpg,2,High Risk,High
data/Moderate/0009828_image.jpg,1,Moderate Risk,Moderate
data/Safe/int_video3_frame001664.jpg,0,Safe,Safe
data/High/custom_safe_highway_0043.jpg,2,High Risk,High
data/High/yt_video2_frame000836.jpg,2,High Risk,High
data/Safe/custom_safe_highway_0075.jpg,0,Safe,Safe
data/Safe/frame1299_image.jpg,0,Safe,Safe
data/Safe/int_video1_frame000195.jpg,0,Safe,Safe
data/High/118815de-0c377a48.jpg,2,High Risk,High
data/High/005845_inst_label.png,2,High Risk,High
data/High/8d6008b5-1d4eaa4b.jpg,2,High Risk,High
data/Moderate/070b3ecd-62821dec.jpg,1,Moderate Risk,Moderate
data/High/custom_safe_highway_0071.jpg,2,High Risk,High
data/Safe/int_video3_frame005269.jpg,0,Safe,Safe
data/High/frame36408_image.jpg,2,High Risk,High
data/Moderate/53b439bf-53586b26.jpg,1,Moderate Risk,Moderate
data/Safe/int_video2_frame000288.jpg,0,Safe,Safe
data/Moderate/yt_video3_frame001774.jpg,1,Moderate Risk,Moderate
data/Safe/custom_safe_highway_0094.jpg,0,Safe,Safe
data/High/yt_video1_frame001776.jpg,2,High Risk,High
data/High/8450299f-d63f5144.jpg,2,High Risk,High
data/High/0014430_label.png,2,High Risk,High
data/High/32cb8c9f-11c11b3d.jpg,2,High Risk,High
data/High/yt_video3_frame007177.jpg,2,High Risk,High
data/High/yt_video1_frame003388.jpg,2,High Risk,High
data/High/7008bc76-5f72a242.jpg,2,High Risk,High
data/High/yt_video3_frame009459.jpg,2,High Risk,High
data/High/yt_video1_frame002872.jpg,2,High Risk,High
data/Safe/int_video1_frame000165.jpg,0,Safe,Safe
data/Safe/int_video1_frame000555.jpg,0,Safe,Safe
data/Moderate/yt_video3_frame001155.jpg,1,Moderate Risk,Moderate
data/Safe/custom_safe_highway_0130.jpg,0,Safe,Safe
data/High/custom_high_risk_rain_0001.jpg,2,High Risk,High
data/High/b6d0b9d1-f5531bf3.jpg,2,High Risk,High
data/Safe/int_video1_frame000549.jpg,0,Safe,Safe
data/Moderate/2fc9ad1e-bd4d80d9.jpg,1,Moderate Risk,Moderate
data/High/yt_video3_frame009831.jpg,2,High Risk,High
data/High/yt_video3_frame004733.jpg,2,High Risk,High
data/High/yt_video2_frame003006.jpg,2,High Risk,High
data/Safe/57a6e106-9ff3da22.jpg,0,Safe,Safe
data/High/int_video3_frame003325.jpg,2,High Risk,High
data/High/frame15700_image.jpg,2,High Risk,High
data/Safe/int_video1_frame000114.jpg,0,Safe,Safe
data/High/002054_inst_label.png,2,High Risk,High
data/High/321036f5-aac6c002.jpg,2,High Risk,High
data/High/yt_video2_frame003657.jpg,2,High Risk,High
data/High/yt_video3_frame008986.jpg,2,High Risk,High
data/High/int_video3_frame002580.jpg,2,High Risk,High
data/High/custom_safe_highway_0091.jpg,2,High Risk,High
data/High/yt_video3_frame006431.jpg,2,High Risk,High
data/Safe/yt_video1_frame002120.jpg,0,Safe,Safe
data/High/799d6f4c-8f767fa0.jpg,2,High Risk,High
data/High/yt_video1_frame000964.jpg,2,High Risk,High
data/High/558562_inst_label.png,2,High Risk,High
data/High/yt_video3_frame009442.jpg,2,High Risk,High
data/High/3aef249a-cbf9fc38.jpg,2,High Risk,High
data/Safe/yt_video3_frame002135.jpg,0,Safe,Safe
data/Safe/int_video3_frame002805.jpg,0,Safe,Safe
data/Safe/int_video1_frame000481.jpg,0,Safe,Safe
data/Safe/int_video3_frame003284.jpg,0,Safe,Safe
data/Safe/int_video3_frame000347.jpg,0,Safe,Safe
data/High/40d3f1dd-7f36367a.jpg,2,High Risk,High
data/High/frame5449_image.jpg,2,High Risk,High
data/High/yt_video2_frame001483.jpg,2,High Risk,High
data/High/570310_image.jpg,2,High Risk,High
data/Safe/int_video3_frame002708.jpg,0,Safe,Safe
data/Safe/int_video3_frame001263.jpg,0,Safe,Safe
data/Moderate/yt_video1_frame003125.jpg,1,Moderate Risk,Moderate
data/High/yt_video2_frame002895.jpg,2,High Risk,High
data/High/a6bc3e34-3e575b84.jpg,2,High Risk,High
data/Safe/yt_video2_frame003107.jpg,0,Safe,Safe
data/High/frame73344_image.jpg,2,High Risk,High
data/High/frame5924_inst_label.png,2,High Risk,High
data/High/662718_image.jpg,2,High Risk,High
data/High/yt_video3_frame001890.jpg,2,High Risk,High
data/Safe/int_video3_frame002981.jpg,0,Safe,Safe
data/Safe/int_video1_frame000396.jpg,0,Safe,Safe
data/High/yt_video1_frame001085.jpg,2,High Risk,High
data/High/2e581c37-b9a37335.jpg,2,High Risk,High
data/High/yt_video1_frame001729.jpg,2,High Risk,High
data/High/3b98cd83-af306042.jpg,2,High Risk,High
data/High/013948_image.jpg,2,High Risk,High
data/Moderate/custom_high_risk_rain_0072.jpg,1,Moderate Risk,Moderate
data/Safe/832c9db2-31531476.jpg,0,Safe,Safe
data/High/yt_video1_frame002393.jpg,2,High Risk,High
data/High/yt_video1_frame002293.jpg,2,High Risk,High
data/High/yt_video2_frame003702.jpg,2,High Risk,High
data/Safe/int_video2_frame000001.jpg,0,Safe,Safe
data/Safe/int_video1_frame000476.jpg,0,Safe,Safe
data/High/yt_video1_frame001670.jpg,2,High Risk,High
data/Safe/yt_video2_frame001340.jpg,0,Safe,Safe
data/High/custom_high_risk_rain_0015.jpg,2,High Risk,High
data/Safe/int_video1_frame000115.jpg,0,Safe,Safe
data/High/int_video3_frame002601.jpg,2,High Risk,High
data/Safe/int_video2_frame000477.jpg,0,Safe,Safe
data/Safe/int_video1_frame000034.jpg,0,Safe,Safe
data/High/int_video3_frame000021.jpg,2,High Risk,High
data/High/yt_video3_frame007637.jpg,2,High Risk,High
data/Safe/int_video2_frame000340.jpg,0,Safe,Safe
data/Safe/custom_safe_highway_0005.jpg,0,Safe,Safe
data/Safe/custom_safe_highway_0003.jpg,0,Safe,Safe
data/Moderate/b0674bdf-53086b4d.jpg,1,Moderate Risk,Moderate
data/High/int_video3_frame004613.jpg,2,High Risk,High
data/High/30d12c3e-9856983a.jpg,2,High Risk,High
data/Safe/int_video2_frame000026.jpg,0,Safe,Safe
data/High/yt_video2_frame002516.jpg,2,High Risk,High
data/High/bba686c2-2e7b039d.jpg,2,High Risk,High
data/High/yt_video1_frame004324.jpg,2,High Risk,High
data/High/custom_safe_highway_0155.jpg,2,High Risk,High
data/Safe/int_video1_frame000154.jpg,0,Safe,Safe
data/Safe/int_video2_frame000540.jpg,0,Safe,Safe
data/High/yt_video3_frame005491.jpg,2,High Risk,High
data/High/custom_high_risk_rain_0030.jpg,2,High Risk,High
data/High/yt_video2_frame004253.jpg,2,High Risk,High
data/High/0cc07488-08863628.jpg,2,High Risk,High
data/Safe/int_video1_frame000541.jpg,0,Safe,Safe
data/High/yt_video1_frame003083.jpg,2,High Risk,High
data/High/560d97af-b8eecf71.jpg,2,High Risk,High
data/Moderate/yt_video2_frame000706.jpg,1,Moderate Risk,Moderate
data/High/yt_video3_frame007862.jpg,2,High Risk,High
data/Safe/custom_safe_highway_0056.jpg,0,Safe,Safe
data/High/yt_video2_frame004176.jpg,2,High Risk,High
data/High/yt_video3_frame000799.jpg,2,High Risk,High
data/High/yt_video3_frame008344.jpg,2,High Risk,High
data/High/yt_video2_frame000081.jpg,2,High Risk,High
data/High/custom_moderate_city_traffic_0059.jpg,2,High Risk,High
data/Safe/custom_safe_highway_0143.jpg,0,Safe,Safe
data/High/yt_video3_frame002772.jpg,2,High Risk,High
data/Safe/int_video1_frame000405.jpg,0,Safe,Safe
data/Safe/int_video1_frame000012.jpg,0,Safe,Safe
data/High/custom_safe_highway_0049.jpg,2,High Risk,High
data/High/yt_video3_frame004597.jpg,2,High Risk,High
data/Safe/int_video3_frame002959.jpg,0,Safe,Safe
data/High/custom_high_risk_rain_0037.jpg,2,High Risk,High
data/High/117671_image.jpg,2,High Risk,High
data/Safe/int_video3_frame003252.jpg,0,Safe,Safe
data/Safe/8289fae6-8b576293.jpg,0,Safe,Safe
data/High/yt_video3_frame012573.jpg,2,High Risk,High
data/High/yt_video3_frame013397.jpg,2,High Risk,High
data/High/custom_moderate_city_traffic_0142.jpg,2,High Risk,High
data/Safe/custom_high_risk_rain_0131.jpg,0,Safe,Safe
data/High/yt_video3_frame012839.jpg,2,High Risk,High
data/Safe/yt_video2_frame002943.jpg,0,Safe,Safe
data/Safe/int_video1_frame000557.jpg,0,Safe,Safe
data/High/yt_video3_frame003051.jpg,2,High Risk,High
data/High/yt_video3_frame007159.jpg,2,High Risk,High
data/High/130727_inst_label.png,2,High Risk,High
data/High/a834d4df-0489a88d.jpg,2,High Risk,High
data/High/yt_video2_frame003485.jpg,2,High Risk,High
data/High/7e2f2f74-827d144a.jpg,2,High Risk,High
data/High/9085fc9e-b792dc33.jpg,2,High Risk,High
data/Safe/int_video1_frame000233.jpg,0,Safe,Safe
data/Safe/yt_video1_frame000630.jpg,0,Safe,Safe
data/High/1639f49e-7aa4b3aa.jpg,2,High Risk,High
data/High/yt_video3_frame011162.jpg,2,High Risk,High
data/Safe/int_video1_frame000038.jpg,0,Safe,Safe
data/Safe/int_video2_frame000253.jpg,0,Safe,Safe
data/Safe/custom_safe_highway_0136.jpg,0,Safe,Safe
data/Safe/825174_image.jpg,0,Safe,Safe
data/Safe/360cfc03-57f966fc.jpg,0,Safe,Safe
data/High/29594747-ed104fb5.jpg,2,High Risk,High
data/Safe/916752_image.jpg,0,Safe,Safe
data/Safe/int_video3_frame002468.jpg,0,Safe,Safe
data/High/yt_video2_frame000504.jpg,2,High Risk,High
data/High/a61e8c02-5e4e4c1b.jpg,2,High Risk,High
data/High/53dac4fb-d416f4c2.jpg,2,High Risk,High
data/High/yt_video2_frame002126.jpg,2,High Risk,High
data/High/100914_label.png,2,High Risk,High
data/Safe/int_video2_frame000411.jpg,0,Safe,Safe
data/High/755d055c-b4fa1600.jpg,2,High Risk,High
data/High/yt_video2_frame000590.jpg,2,High Risk,High
data/Safe/abc06e6c-3d4fa931.jpg,0,Safe,Safe
data/Safe/custom_safe_highway_0079.jpg,0,Safe,Safe
data/High/a7699383-461a8352.jpg,2,High Risk,High
data/High/0cfcbb80-4f057539.jpg,2,High Risk,High
data/High/frame12580_inst_label.png,2,High Risk,High
data/High/yt_video1_frame000750.jpg,2,High Risk,High
data/Safe/int_video1_frame000277.jpg,0,Safe,Safe
data/High/frame1827_image.jpg,2,High Risk,High
data/Safe/int_video1_frame000493.jpg,0,Safe,Safe
data/Safe/int_video1_frame000000.jpg,0,Safe,Safe
data/High/frame4565_image.jpg,2,High Risk,High
data/High/107934_label.png,2,High Risk,High
data/Safe/int_video2_frame000408.jpg,0,Safe,Safe
data/Safe/int_video2_frame000075.jpg,0,Safe,Safe
data/High/026078_label.png,2,High Risk,High
data/High/custom_high_risk_rain_0073.jpg,2,High Risk,High
data/High/yt_video1_frame001854.jpg,2,High Risk,High
data/High/8dd58869-09922e83.jpg,2,High Risk,High
data/High/0add4446-2fb7b347.jpg,2,High Risk,High
data/High/frame45453_label.png,2,High Risk,High
data/High/yt_video2_frame000110.jpg,2,High Risk,High
data/High/yt_video3_frame007239.jpg,2,High Risk,High
data/High/0008301_label.png,2,High Risk,High
data/High/yt_video3_frame002207.jpg,2,High Risk,High
data/High/638880_label.png,2,High Risk,High
data/High/37f4f6bf-cda2ece0.jpg,2,High Risk,High
data/Safe/int_video2_frame000022.jpg,0,Safe,Safe
data/High/frame12021_image.jpg,2,High Risk,High
data/High/yt_video3_frame012472.jpg,2,High Risk,High
data/High/yt_video1_frame003015.jpg,2,High Risk,High
data/High/yt_video1_frame003703.jpg,2,High Risk,High
data/Safe/int_video2_frame000134.jpg,0,Safe,Safe
data/High/yt_video1_frame000793.jpg,2,High Risk,High
data/High/yt_video3_frame008787.jpg,2,High Risk,High
data/High/3bd0de2d-eb2d97ae.jpg,2,High Risk,High
data/High/c04246b7-5386e803.jpg,2,High Risk,High
data/High/28dbc980-c78cab94.jpg,2,High Risk,High
data/High/338479_label.png,2,High Risk,High
data/Safe/yt_video1_frame002527.jpg,0,Safe,Safe
data/Safe/int_video2_frame000483.jpg,0,Safe,Safe
data/High/a2679bbb-d7bcffcf.jpg,2,High Risk,High
data/Safe/c447f74e-c458f6c5.jpg,0,Safe,Safe
data/Safe/yt_video2_frame004406.jpg,0,Safe,Safe
data/High/006475_image.jpg,2,High Risk,High
data/Safe/yt_video2_frame001299.jpg,0,Safe,Safe
data/High/yt_video1_frame002765.jpg,2,High Risk,High
data/High/yt_video3_frame006657.jpg,2,High Risk,High
data/High/0315121e-d61f498f.jpg,2,High Risk,High
data/Safe/int_video1_frame000057.jpg,0,Safe,Safe
data/Safe/yt_video1_frame000483.jpg,0,Safe,Safe
data/High/8ec82d73-5145b608.jpg,2,High Risk,High
data/Safe/int_video2_frame000201.jpg,0,Safe,Safe
data/High/845b325b-ebbdb3f2.jpg,2,High Risk,High
data/High/int_video3_frame004611.jpg,2,High Risk,High
data/High/yt_video3_frame000080.jpg,2,High Risk,High
data/High/ae8cd6f9-1c2bae76.jpg,2,High Risk,High
data/High/150238_image.jpg,2,High Risk,High
data/High/frame12027_inst_label.png,2,High Risk,High
data/High/yt_video1_frame001548.jpg,2,High Risk,High
data/High/int_video3_frame004893.jpg,2,High Risk,High
data/High/yt_video2_frame003658.jpg,2,High Risk,High
data/High/0512a400-a143ac1c.jpg,2,High Risk,High
data/Safe/int_video1_frame000013.jpg,0,Safe,Safe
data/Safe/int_video3_frame005438.jpg,0,Safe,Safe
data/High/yt_video1_frame001636.jpg,2,High Risk,High
data/Safe/yt_video1_frame002531.jpg,0,Safe,Safe
data/Safe/int_video1_frame000515.jpg,0,Safe,Safe
data/High/custom_high_risk_rain_0105.jpg,2,High Risk,High
data/High/53ea31c2-31ee0288.jpg,2,High Risk,High
data/Safe/yt_video3_frame008550.jpg,0,Safe,Safe
data/High/78ec6ac7-c1a4a725.jpg,2,High Risk,High
data/Safe/int_video3_frame004455.jpg,0,Safe,Safe
data/High/frame39471_inst_label.png,2,High Risk,High
data/High/yt_video1_frame001848.jpg,2,High Risk,High
data/High/yt_video1_frame001104.jpg,2,High Risk,High
data/High/ac7b2845-fd514af7.jpg,2,High Risk,High
data/Safe/yt_video2_frame003164.jpg,0,Safe,Safe
data/High/0021984_label.png,2,High Risk,High
data/High/yt_video1_frame000052.jpg,2,High Risk,High
data/High/yt_video2_frame003664.jpg,2,High Risk,High
data/Moderate/int_video1_frame000066.jpg,1,Moderate Risk,Moderate
data/High/431932_inst_label.png,2,High Risk,High
data/High/662718_inst_label.png,2,High Risk,High
data/High/int_video3_frame002584.jpg,2,High Risk,High
data/High/frame0661_inst_label.png,2,High Risk,High
data/Safe/yt_video2_frame002173.jpg,0,Safe,Safe
data/High/int_video3_frame003720.jpg,2,High Risk,High
data/High/yt_video1_frame001786.jpg,2,High Risk,High
data/High/b057f3fd-8a692252.jpg,2,High Risk,High
data/Safe/int_video3_frame000191.jpg,0,Safe,Safe
data/High/int_video3_frame004810.jpg,2,High Risk,High
data/High/custom_moderate_city_traffic_0080.jpg,2,High Risk,High
data/High/c83c10de-85eef163.jpg,2,High Risk,High
data/High/9692dec3-ddb45506.jpg,2,High Risk,High
data/High/custom_moderate_city_traffic_0065.jpg,2,High Risk,High
data/High/yt_video3_frame009502.jpg,2,High Risk,High
data/Safe/int_video1_frame000538.jpg,0,Safe,Safe
data/High/135603_image.jpg,2,High Risk,High
data/High/frame9425_label.png,2,High Risk,High
data/High/34208b86-67dad0aa.jpg,2,High Risk,High
data/High/1c70b4f2-ef1decf4.jpg,2,High Risk,High
data/High/yt_video1_frame000464.jpg,2,High Risk,High
data/High/yt_video3_frame005012.jpg,2,High Risk,High
data/High/67058315-b2e30c1d.jpg,2,High Risk,High
data/High/036bac72-8dd5fedc.jpg,2,High Risk,High
data/High/yt_video2_frame004267.jpg,2,High Risk,High
data/Safe/int_video3_frame003290.jpg,0,Safe,Safe
data/Safe/int_video1_frame000563.jpg,0,Safe,Safe
data/High/int_video3_frame004791.jpg,2,High Risk,High
data/Safe/yt_video3_frame010174.jpg,0,Safe,Safe
data/Safe/int_video3_frame004521.jpg,0,Safe,Safe
data/High/012541_inst_label.png,2,High Risk,High
data/High/0003290_image.jpg,2,High Risk,High
data/Safe/226acf93-bb235ff4.jpg,0,Safe,Safe
data/Safe/int_video1_frame000064.jpg,0,Safe,Safe
data/Safe/int_video1_frame000491.jpg,0,Safe,Safe
data/High/custom_high_risk_rain_0013.jpg,2,High Risk,High
data/Moderate/yt_video3_frame000627.jpg,1,Moderate Risk,Moderate
data/Safe/int_video1_frame000377.jpg,0,Safe,Safe
data/High/yt_video2_frame003204.jpg,2,High Risk,High
data/High/637222_label.png,2,High Risk,High
data/Safe/int_video1_frame000168.jpg,0,Safe,Safe
data/High/09bee6ab-fc2f12ea.jpg,2,High Risk,High
data/High/11589021-eb71270b.jpg,2,High Risk,High
data/Safe/int_video1_frame000084.jpg,0,Safe,Safe
data/Safe/int_video2_frame000316.jpg,0,Safe,Safe
data/High/820509_inst_label.png,2,High Risk,High
data/Safe/int_video3_frame001915.jpg,0,Safe,Safe
data/Safe/int_video2_frame000499.jpg,0,Safe,Safe
data/High/yt_video3_frame008239.jpg,2,High Risk,High
data/High/frame46835_inst_label.png,2,High Risk,High
data/High/00e782b9-5fe9bffe.jpg,2,High Risk,High
data/High/custom_high_risk_rain_0115.jpg,2,High Risk,High
data/Safe/int_video2_frame000036.jpg,0,Safe,Safe
data/High/yt_video2_frame004523.jpg,2,High Risk,High
data/High/48c914d7-1491e76a.jpg,2,High Risk,High
data/High/yt_video3_frame011022.jpg,2,High Risk,High
data/High/yt_video3_frame009604.jpg,2,High Risk,High
data/High/4096a71c-7dd395ab.jpg,2,High Risk,High
data/Safe/int_video2_frame000344.jpg,0,Safe,Safe
data/Moderate/yt_video1_frame001242.jpg,1,Moderate Risk,Moderate
data/Safe/int_video2_frame000568.jpg,0,Safe,Safe
data/Safe/int_video1_frame000490.jpg,0,Safe,Safe
data/Safe/yt_video2_frame000397.jpg,0,Safe,Safe
data/High/401117_label.png,2,High Risk,High
data/High/9acfa5be-9581ed1c.jpg,2,High Risk,High
data/High/yt_video2_frame002125.jpg,2,High Risk,High
data/High/yt_video3_frame009905.jpg,2,High Risk,High
data/Safe/int_video3_frame002721.jpg,0,Safe,Safe
data/High/367805_image.jpg,2,High Risk,High
data/Safe/int_video3_frame001080.jpg,0,Safe,Safe
data/High/22221942-793964c5.jpg,2,High Risk,High
data/Safe/int_video3_frame001305.jpg,0,Safe,Safe
data/Safe/int_video3_frame000153.jpg,0,Safe,Safe
data/High/5262ac9b-f333b390.jpg,2,High Risk,High
data/High/3218a083-25d404b3.jpg,2,High Risk,High
data/High/0d2900c2-bb7bd4b3.jpg,2,High Risk,High
data/High/0003613_image.jpg,2,High Risk,High
data/High/yt_video3_frame009255.jpg,2,High Risk,High
data/High/ca3736db-cd087585.jpg,2,High Risk,High
data/Safe/int_video1_frame000017.jpg,0,Safe,Safe
data/High/323ea687-6663a218.jpg,2,High Risk,High
data/High/4e7b9f48-d4a7031b.jpg,2,High Risk,High
data/High/yt_video3_frame001720.jpg,2,High Risk,High
data/Safe/yt_video2_frame000456.jpg,0,Safe,Safe
data/Safe/int_video2_frame000300.jpg,0,Safe,Safe
data/High/int_video3_frame005599.jpg,2,High Risk,High
data/High/yt_video1_frame003042.jpg,2,High Risk,High
data/Safe/1cd03ffb-51b77632.jpg,0,Safe,Safe
data/High/6ebe1b37-3401a33e.jpg,2,High Risk,High
data/High/custom_high_risk_rain_0076.jpg,2,High Risk,High
data/High/yt_video1_frame002776.jpg,2,High Risk,High
data/High/int_video3_frame004767.jpg,2,High Risk,High
data/Safe/int_video1_frame000379.jpg,0,Safe,Safe
data/High/356745_inst_label.png,2,High Risk,High
data/High/2778a387-fe920042.jpg,2,High Risk,High
data/Safe/custom_safe_highway_0088.jpg,0,Safe,Safe
data/High/yt_video3_frame004503.jpg,2,High Risk,High
data/High/yt_video2_frame000300.jpg,2,High Risk,High
data/High/08924b6a-097f0a33.jpg,2,High Risk,High
data/Safe/int_video2_frame000384.jpg,0,Safe,Safe
data/Safe/int_video1_frame000062.jpg,0,Safe,Safe
data/High/yt_video3_frame000571.jpg,2,High Risk,High
data/High/custom_moderate_city_traffic_0092.jpg,2,High Risk,High
data/High/8ba03718-bf76aed7.jpg,2,High Risk,High
data/Safe/3de9984e-5b956b09.jpg,0,Safe,Safe
data/High/5026e0d8-df103e60.jpg,2,High Risk,High
data/High/af20f5ca-ff3f7a18.jpg,2,High Risk,High
data/High/yt_video1_frame000705.jpg,2,High Risk,High
data/High/frame47202_inst_label.png,2,High Risk,High
data/High/yt_video3_frame011194.jpg,2,High Risk,High
data/Safe/int_video1_frame000058.jpg,0,Safe,Safe
data/Safe/int_video2_frame000070.jpg,0,Safe,Safe
data/High/085a62a7-5eac09c3.jpg,2,High Risk,High
data/High/1773e963-3917b304.jpg,2,High Risk,High
data/High/940c8a6b-721c76ab.jpg,2,High Risk,High
data/Safe/int_video1_frame000540.jpg,0,Safe,Safe
data/High/177b957f-fc7b8fac.jpg,2,High Risk,High
data/High/yt_video3_frame007010.jpg,2,High Risk,High
data/High/0f40d2e7-3ced87f7.jpg,2,High Risk,High
data/High/yt_video3_frame004460.jpg,2,High Risk,High
data/High/custom_moderate_city_traffic_0023.jpg,2,High Risk,High
data/High/yt_video3_frame009686.jpg,2,High Risk,High
data/High/custom_moderate_city_traffic_0004.jpg,2,High Risk,High
data/Safe/int_video2_frame000262.jpg,0,Safe,Safe
data/High/adbb4e11-be1c027f.jpg,2,High Risk,High
data/High/custom_safe_highway_0123.jpg,2,High Risk,High
data/High/int_video3_frame003533.jpg,2,High Risk,High
data/High/a58366f4-441196c8.jpg,2,High Risk,High
data/Safe/int_video2_frame000143.jpg,0,Safe,Safe
data/High/yt_video3_frame002738.jpg,2,High Risk,High
data/High/yt_video3_frame002256.jpg,2,High Risk,High
data/Safe/int_video2_frame000279.jpg,0,Safe,Safe
data/Moderate/int_video3_frame003062.jpg,1,Moderate Risk,Moderate
data/Safe/yt_video2_frame004403.jpg,0,Safe,Safe
data/High/yt_video2_frame003562.jpg,2,High Risk,High
data/Safe/int_video1_frame000322.jpg,0,Safe,Safe
data/High/yt_video3_frame008571.jpg,2,High Risk,High
data/Safe/yt_video1_frame000565.jpg,0,Safe,Safe
data/Safe/int_video2_frame000481.jpg,0,Safe,Safe
data/High/yt_video3_frame013446.jpg,2,High Risk,High
data/High/int_video3_frame005573.jpg,2,High Risk,High
data/High/custom_high_risk_rain_0020.jpg,2,High Risk,High
data/Moderate/yt_video2_frame001648.jpg,1,Moderate Risk,Moderate
data/Safe/int_video2_frame000641.jpg,0,Safe,Safe
data/High/yt_video2_frame003264.jpg,2,High Risk,High
data/High/2d94dc16-3a7e09dd.jpg,2,High Risk,High
data/High/yt_video3_frame013884.jpg,2,High Risk,High
data/High/frame16558_label.png,2,High Risk,High
data/Safe/int_video1_frame000340.jpg,0,Safe,Safe
data/High/yt_video1_frame000453.jpg,2,High Risk,High
data/Moderate/6e526eba-0cd86bd8.jpg,1,Moderate Risk,Moderate
data/Safe/yt_video3_frame001465.jpg,0,Safe,Safe
data/High/int_video3_frame002553.jpg,2,High Risk,High
data/High/yt_video2_frame004109.jpg,2,High Risk,High
data/High/5b230a69-45c30633.jpg,2,High Risk,High
data/High/yt_video1_frame002745.jpg,2,High Risk,High
data/High/yt_video2_frame003776.jpg,2,High Risk,High
data/Safe/79434811-c696dea0.jpg,0,Safe,Safe
data/High/yt_video2_frame003215.jpg,2,High Risk,High
data/Safe/yt_video1_frame004454.jpg,0,Safe,Safe
data/High/yt_video3_frame001585.jpg,2,High Risk,High
data/High/0038965_inst_label.png,2,High Risk,High
data/Safe/8221f03e-9d67d9d4.jpg,0,Safe,Safe
data/Safe/int_video2_frame000053.jpg,0,Safe,Safe
data/Safe/int_video2_frame000507.jpg,0,Safe,Safe
data/Safe/int_video1_frame000069.jpg,0,Safe,Safe
data/High/a9867a17-2fbcac85.jpg,2,High Risk,High
data/High/292033_label.png,2,High Risk,High
data/High/496780_inst_label.png,2,High Risk,High
data/Moderate/yt_video3_frame006636.jpg,1,Moderate Risk,Moderate
data/Safe/custom_high_risk_rain_0129.jpg,0,Safe,Safe
data/High/0019590_image.jpg,2,High Risk,High
data/High/7b2c55a4-17647e4a.jpg,2,High Risk,High
data/High/yt_video1_frame004113.jpg,2,High Risk,High
data/High/custom_moderate_city_traffic_0159.jpg,2,High Risk,High
data/Safe/int_video2_frame000537.jpg,0,Safe,Safe
data/High/yt_video3_frame011340.jpg,2,High Risk,High
data/High/20a84049-c6d4f4a7.jpg,2,High Risk,High
data/Safe/int_video1_frame000147.jpg,0,Safe,Safe
data/High/15905cba-45b19098.jpg,2,High Risk,High
data/Safe/int_video3_frame004210.jpg,0,Safe,Safe
data/Safe/int_video3_frame000610.jpg,0,Safe,Safe
data/Safe/yt_video2_frame001776.jpg,0,Safe,Safe
data/Safe/int_video3_frame000825.jpg,0,Safe,Safe
data/High/5fffab8c-8cc12f7c.jpg,2,High Risk,High
data/High/int_video3_frame004275.jpg,2,High Risk,High
data/Safe/yt_video1_frame000232.jpg,0,Safe,Safe
data/High/frame6434_label.png,2,High Risk,High
data/Safe/int_video3_frame003825.jpg,0,Safe,Safe
data/High/98d77a2f-36b5160a.jpg,2,High Risk,High
data/Safe/yt_video2_frame004252.jpg,0,Safe,Safe
data/High/82124e5e-68ec98f8.jpg,2,High Risk,High
data/Safe/int_video3_frame004348.jpg,0,Safe,Safe
data/High/int_video3_frame004630.jpg,2,High Risk,High
data/High/yt_video3_frame012989.jpg,2,High Risk,High
data/Safe/int_video2_frame000607.jpg,0,Safe,Safe
data/High/816361f9-8e16e4cc.jpg,2,High Risk,High
data/Safe/int_video2_frame000233.jpg,0,Safe,Safe
data/High/89ee66c3-505c78de.jpg,2,High Risk,High
data/High/yt_video2_frame004362.jpg,2,High Risk,High
data/High/870698_label.png,2,High Risk,High
data/High/yt_video2_frame002719.jpg,2,High Risk,High
data/Safe/custom_safe_highway_0073.jpg,0,Safe,Safe
data/High/custom_safe_highway_0159.jpg,2,High Risk,High
data/Safe/int_video3_frame003283.jpg,0,Safe,Safe
data/High/int_video3_frame004100.jpg,2,High Risk,High
data/Safe/int_video2_frame000314.jpg,0,Safe,Safe
data/High/240284_label.png,2,High Risk,High
data/High/frame64673_image.jpg,2,High Risk,High
data/High/761b844e-4dd97140.jpg,2,High Risk,High
data/High/020123_inst_label.png,2,High Risk,High
data/Safe/int_video3_frame000720.jpg,0,Safe,Safe
data/High/yt_video2_frame000820.jpg,2,High Risk,High
data/Moderate/yt_video2_frame000658.jpg,1,Moderate Risk,Moderate
data/High/3e9134fb-d5bd9151.jpg,2,High Risk,High
data/Safe/int_video2_frame000366.jpg,0,Safe,Safe
data/High/int_video3_frame001388.jpg,2,High Risk,High
data/Safe/int_video1_frame000041.jpg,0,Safe,Safe
data/High/762387_inst_label.png,2,High Risk,High
data/High/0027231_image.jpg,2,High Risk,High
data/Safe/int_video2_frame000290.jpg,0,Safe,Safe
data/High/857687_label.png,2,High Risk,High
data/High/int_video3_frame000986.jpg,2,High Risk,High
data/High/348438fc-3ecff9f5.jpg,2,High Risk,High
data/Safe/yt_video1_frame002869.jpg,0,Safe,Safe
data/High/0014059_label.png,2,High Risk,High
data/High/4f51bcba-cfc41816.jpg,2,High Risk,High
data/Moderate/yt_video2_frame000457.jpg,1,Moderate Risk,Moderate
data/Safe/int_video3_frame001748.jpg,0,Safe,Safe
data/High/int_video3_frame004593.jpg,2,High Risk,High
data/High/711fdf3f-53f3ab03.jpg,2,High Risk,High
data/High/frame3164_label.png,2,High Risk,High
data/High/ab32ee28-b56f0011.jpg,2,High Risk,High
data/Safe/yt_video2_frame004040.jpg,0,Safe,Safe
data/High/0006531_label.png,2,High Risk,High
data/High/675055_image.jpg,2,High Risk,High
data/High/yt_video2_frame000747.jpg,2,High Risk,High
data/High/0022789_inst_label.png,2,High Risk,High
data/High/yt_video1_frame003016.jpg,2,High Risk,High
data/High/2223b4b0-39a2df73.jpg,2,High Risk,High
data/High/1edfce9c-d174aea6.jpg,2,High Risk,High
data/High/168441_label.png,2,High Risk,High
data/High/int_video3_frame000034.jpg,2,High Risk,High
data/Safe/frame12580_image.jpg,0,Safe,Safe
data/High/yt_video3_frame003621.jpg,2,High Risk,High
data/Safe/int_video2_frame000321.jpg,0,Safe,Safe
data/High/33bd5349-b30b1bbc.jpg,2,High Risk,High
data/High/907924_image.jpg,2,High Risk,High
data/Safe/int_video1_frame000072.jpg,0,Safe,Safe
data/Safe/int_video3_frame001075.jpg,0,Safe,Safe
data/High/int_video3_frame003207.jpg,2,High Risk,High
data/Safe/5d5de8d0-980a9c26.jpg,0,Safe,Safe
data/Safe/int_video1_frame000181.jpg,0,Safe,Safe
data/High/int_video3_frame000198.jpg,2,High Risk,High
data/Safe/int_video2_frame000295.jpg,0,Safe,Safe
data/High/int_video3_frame000389.jpg,2,High Risk,High
data/High/frame1755_label.png,2,High Risk,High
data/High/9cc42f96-ae876038.jpg,2,High Risk,High
data/High/frame9218_inst_label.png,2,High Risk,High
data/High/frame18335_label.png,2,High Risk,High
data/High/yt_video3_frame010528.jpg,2,High Risk,High
data/Safe/int_video1_frame000416.jpg,0,Safe,Safe
data/High/yt_video1_frame001642.jpg,2,High Risk,High
data/Safe/int_video2_frame000097.jpg,0,Safe,Safe
data/High/yt_video3_frame007385.jpg,2,High Risk,High
data/Safe/int_video3_frame000558.jpg,0,Safe,Safe
data/High/0011940_inst_label.png,2,High Risk,High
data/High/c8c4134b-6e17c1d0.jpg,2,High Risk,High
data/Safe/int_video2_frame000625.jpg,0,Safe,Safe
data/Safe/custom_high_risk_rain_0108.jpg,0,Safe,Safe
data/Safe/int_video2_frame000521.jpg,0,Safe,Safe
data/High/452e1902-8d01c28e.jpg,2,High Risk,High
data/High/166100_label.png,2,High Risk,High
data/High/int_video3_frame003320.jpg,2,High Risk,High
data/High/160a76cc-b5993b9d.jpg,2,High Risk,High
data/Safe/custom_high_risk_rain_0125.jpg,0,Safe,Safe
data/High/9d711bfb-47f5ae4a.jpg,2,High Risk,High
data/High/yt_video2_frame003941.jpg,2,High Risk,High
data/High/732563_inst_label.png,2,High Risk,High
data/High/076428_image.jpg,2,High Risk,High
data/High/yt_video2_frame001910.jpg,2,High Risk,High
data/High/yt_video1_frame002352.jpg,2,High Risk,High
data/High/yt_video2_frame003939.jpg,2,High Risk,High
data/Moderate/yt_video2_frame002054.jpg,1,Moderate Risk,Moderate
data/Safe/int_video1_frame000410.jpg,0,Safe,Safe
data/Safe/int_video2_frame000017.jpg,0,Safe,Safe
data/Safe/int_video1_frame000382.jpg,0,Safe,Safe
data/High/yt_video1_frame002612.jpg,2,High Risk,High
data/Safe/int_video2_frame000532.jpg,0,Safe,Safe
data/High/yt_video2_frame000956.jpg,2,High Risk,High
data/High/yt_video1_frame001746.jpg,2,High Risk,High
data/High/frame35080_image.jpg,2,High Risk,High
data/High/79fb506e-5cf1809f.jpg,2,High Risk,High
data/High/024703_label.png,2,High Risk,High
data/High/frame4091_image.jpg,2,High Risk,High
data/Safe/int_video3_frame001353.jpg,0,Safe,Safe
data/High/yt_video3_frame013399.jpg,2,High Risk,High
data/High/004642_label.png,2,High Risk,High
data/Safe/beb712cc-ee31a67b.jpg,0,Safe,Safe
data/High/custom_moderate_city_traffic_0016.jpg,2,High Risk,High
data/Safe/int_video2_frame000135.jpg,0,Safe,Safe
data/High/yt_video1_frame001862.jpg,2,High Risk,High
data/Safe/int_video2_frame000617.jpg,0,Safe,Safe
data/High/yt_video3_frame003824.jpg,2,High Risk,High
data/High/frame7320_inst_label.png,2,High Risk,High
data/High/yt_video3_frame009724.jpg,2,High Risk,High
data/Safe/int_video2_frame000157.jpg,0,Safe,Safe
data/High/yt_video3_frame006360.jpg,2,High Risk,High
data/High/0081e3ea-2c0ec19d.jpg,2,High Risk,High
data/Safe/yt_video3_frame008144.jpg,0,Safe,Safe
data/Safe/int_video3_frame000644.jpg,0,Safe,Safe
data/High/yt_video1_frame002377.jpg,2,High Risk,High
data/Safe/8803cd52-6a72e0e9.jpg,0,Safe,Safe
data/Safe/yt_video2_frame004466.jpg,0,Safe,Safe
data/High/yt_video2_frame000874.jpg,2,High Risk,High
data/Safe/bf7e1159-d2bcc563.jpg,0,Safe,Safe
data/High/frame0252_image.jpg,2,High Risk,High
data/High/yt_video3_frame005986.jpg,2,High Risk,High
data/High/yt_video3_frame005603.jpg,2,High Risk,High
data/High/5b492010-2ff10a8d.jpg,2,High Risk,High
data/High/frame3288_label.png,2,High Risk,High
data/High/yt_video2_frame000501.jpg,2,High Risk,High
data/High/8a8e3810-5f4795a9.jpg,2,High Risk,High
data/High/int_video3_frame002612.jpg,2,High Risk,High
data/Safe/int_video2_frame000393.jpg,0,Safe,Safe
data/High/frame34862_label.png,2,High Risk,High
data/Safe/int_video1_frame000235.jpg,0,Safe,Safe
data/High/int_video3_frame002164.jpg,2,High Risk,High
data/High/2c69ec43-aff29973.jpg,2,High Risk,High
data/Safe/int_video1_frame000252.jpg,0,Safe,Safe
data/High/custom_high_risk_rain_0102.jpg,2,High Risk,High
data/High/90c5e21c-7582ede6.jpg,2,High Risk,High
data/High/c2e0f386-2f25f1fd.jpg,2,High Risk,High
data/Safe/int_video2_frame000141.jpg,0,Safe,Safe
data/Safe/6485ad0a-bff36754.jpg,0,Safe,Safe
data/High/yt_video1_frame000409.jpg,2,High Risk,High
data/High/int_video3_frame000004.jpg,2,High Risk,High
data/Safe/int_video3_frame002522.jpg,0,Safe,Safe
data/High/int_video3_frame001803.jpg,2,High Risk,High
data/High/custom_moderate_city_traffic_0053.jpg,2,High Risk,High
data/High/56d9cb8c-3721e72b.jpg,2,High Risk,High
data/High/int_video3_frame003674.jpg,2,High Risk,High
data/High/020821_inst_label.png,2,High Risk,High
data/Safe/int_video2_frame000217.jpg,0,Safe,Safe
data/High/yt_video2_frame000879.jpg,2,High Risk,High
data/High/yt_video3_frame008487.jpg,2,High Risk,High
data/High/frame17078_inst_label.png,2,High Risk,High
data/High/yt_video3_frame007853.jpg,2,High Risk,High
data/Safe/int_video1_frame000046.jpg,0,Safe,Safe
data/High/8aaa959a-5087d264.jpg,2,High Risk,High
data/High/3163c52d-6a5c0d66.jpg,2,High Risk,High
data/High/9d63ed0d-c816ba2d.jpg,2,High Risk,High
data/Safe/int_video3_frame001494.jpg,0,Safe,Safe
data/High/frame2459_image.jpg,2,High Risk,High
data/Safe/int_video2_frame000519.jpg,0,Safe,Safe
data/High/82a83078-bef454cd.jpg,2,High Risk,High
data/High/44aa1f8c-66e25889.jpg,2,High Risk,High
data/Safe/int_video1_frame000583.jpg,0,Safe,Safe
data/Safe/int_video3_frame005069.jpg,0,Safe,Safe
data/High/custom_moderate_city_traffic_0021.jpg,2,High Risk,High
data/Safe/int_video2_frame000381.jpg,0,Safe,Safe
data/Safe/int_video2_frame000476.jpg,0,Safe,Safe
data/High/yt_video2_frame003629.jpg,2,High Risk,High
data/Safe/int_video3_frame003133.jpg,0,Safe,Safe
data/High/custom_moderate_city_traffic_0150.jpg,2,High Risk,High
data/Safe/int_video2_frame000183.jpg,0,Safe,Safe
data/High/frame14862_image.jpg,2,High Risk,High
data/High/yt_video3_frame004222.jpg,2,High Risk,High
data/Safe/int_video1_frame000006.jpg,0,Safe,Safe
data/High/yt_video3_frame012232.jpg,2,High Risk,High
data/Safe/int_video1_frame000582.jpg,0,Safe,Safe
data/Safe/int_video3_frame000763.jpg,0,Safe,Safe
data/High/304836_label.png,2,High Risk,High
data/High/1c89dc5d-c06621ab.jpg,2,High Risk,High
data/High/633455_inst_label.png,2,High Risk,High
data/High/965922_label.png,2,High Risk,High
data/High/47019a35-65c1065a.jpg,2,High Risk,High
data/High/yt_video1_frame000181.jpg,2,High Risk,High
data/High/yt_video1_frame003780.jpg,2,High Risk,High
data/Moderate/yt_video1_frame002556.jpg,1,Moderate Risk,Moderate
data/Safe/yt_video3_frame006454.jpg,0,Safe,Safe
data/Safe/324916b9-53b9b016.jpg,0,Safe,Safe
data/High/081037_label.png,2,High Risk,High
data/High/b4b99a3e-76e632f3.jpg,2,High Risk,High
data/High/yt_video3_frame011045.jpg,2,High Risk,High
data/High/int_video3_frame000199.jpg,2,High Risk,High
data/Safe/int_video3_frame001865.jpg,0,Safe,Safe
data/High/9e70fd67-0c28fd9c.jpg,2,High Risk,High
data/High/yt_video1_frame004261.jpg,2,High Risk,High
data/High/int_video3_frame000358.jpg,2,High Risk,High
data/Safe/6d5eb349-439e0c5f.jpg,0,Safe,Safe
data/High/08e0470b-28968b53.jpg,2,High Risk,High
data/Safe/int_video1_frame000436.jpg,0,Safe,Safe
data/Safe/int_video2_frame000292.jpg,0,Safe,Safe
data/High/af2fe9d3-40932f70.jpg,2,High Risk,High
data/High/yt_video1_frame003169.jpg,2,High Risk,High
data/High/88dbf260-fecf92c8.jpg,2,High Risk,High
data/High/frame6386_label.png,2,High Risk,High
data/High/yt_video3_frame004302.jpg,2,High Risk,High
data/High/int_video3_frame000049.jpg,2,High Risk,High
data/High/yt_video3_frame010734.jpg,2,High Risk,High
data/High/int_video3_frame000053.jpg,2,High Risk,High
data/Safe/int_video2_frame000107.jpg,0,Safe,Safe
data/High/47811fab-45111770.jpg,2,High Risk,High
data/High/int_video3_frame003685.jpg,2,High Risk,High
data/High/custom_high_risk_rain_0127.jpg,2,High Risk,High
data/Moderate/custom_safe_highway_0153.jpg,1,Moderate Risk,Moderate
data/Safe/int_video3_frame003245.jpg,0,Safe,Safe
data/Safe/int_video1_frame000523.jpg,0,Safe,Safe
data/High/yt_video3_frame000037.jpg,2,High Risk,High
data/High/frame1685_inst_label.png,2,High Risk,High
data/Safe/86fde21e-215a0374.jpg,0,Safe,Safe
data/High/frame73067_inst_label.png,2,High Risk,High
data/High/5758cf82-50235de2.jpg,2,High Risk,High
data/High/750720_inst_label.png,2,High Risk,High
data/Safe/custom_high_risk_rain_0140.jpg,0,Safe,Safe
data/Safe/int_video2_frame000484.jpg,0,Safe,Safe
data/High/0000097_label.png,2,High Risk,High
data/High/076399f2-6c2cdfd0.jpg,2,High Risk,High
data/High/337985_image.jpg,2,High Risk,High
data/High/custom_safe_highway_0165.jpg,2,High Risk,High
data/High/yt_video2_frame000743.jpg,2,High Risk,High
data/Safe/int_video2_frame000596.jpg,0,Safe,Safe
data/High/custom_high_risk_rain_0050.jpg,2,High Risk,High
data/High/5ce1d730-63c2920e.jpg,2,High Risk,High
data/High/4b07927b-162c80b0.jpg,2,High Risk,High
data/High/yt_video3_frame009063.jpg,2,High Risk,High
data/Safe/c89ee093-65ac0019.jpg,0,Safe,Safe
data/High/50eac5d2-afbea1dd.jpg,2,High Risk,High
data/High/yt_video2_frame001083.jpg,2,High Risk,High
data/Moderate/yt_video1_frame000984.jpg,1,Moderate Risk,Moderate
data/Safe/int_video2_frame000352.jpg,0,Safe,Safe
data/High/frame9707_inst_label.png,2,High Risk,High
data/High/753511_inst_label.png,2,High Risk,High
data/Safe/int_video3_frame003959.jpg,0,Safe,Safe
data/High/80915891-c5cd97eb.jpg,2,High Risk,High
data/High/023504_inst_label.png,2,High Risk,High
data/High/yt_video3_frame009640.jpg,2,High Risk,High
data/High/1f0fbe36-cea49f67.jpg,2,High Risk,High
data/High/yt_video1_frame003627.jpg,2,High Risk,High
data/High/0d3a4e7f-42aea218.jpg,2,High Risk,High
data/Safe/int_video2_frame000627.jpg,0,Safe,Safe
data/Safe/yt_video1_frame002130.jpg,0,Safe,Safe
data/High/frame16388_label.png,2,High Risk,High
data/High/76e8b056-66ccff70.jpg,2,High Risk,High
data/High/0011572_image.jpg,2,High Risk,High
data/High/a48909f7-54e4bcff.jpg,2,High Risk,High
data/Safe/int_video2_frame000644.jpg,0,Safe,Safe
data/High/int_video3_frame001784.jpg,2,High Risk,High
data/High/yt_video1_frame003491.jpg,2,High Risk,High
data/Safe/int_video1_frame000507.jpg,0,Safe,Safe
data/Safe/int_video2_frame000423.jpg,0,Safe,Safe
data/Safe/int_video3_frame000098.jpg,0,Safe,Safe
data/Safe/int_video1_frame000421.jpg,0,Safe,Safe
data/High/custom_high_risk_rain_0075.jpg,2,High Risk,High
data/Safe/int_video3_frame004947.jpg,0,Safe,Safe
data/Safe/int_video2_frame000358.jpg,0,Safe,Safe
data/High/2c83efa8-d0cbc03b.jpg,2,High Risk,High
data/High/yt_video1_frame000533.jpg,2,High Risk,High
data/High/custom_safe_highway_0038.jpg,2,High Risk,High
data/High/int_video3_frame002653.jpg,2,High Risk,High
data/High/frame13397_label.png,2,High Risk,High
data/High/yt_video1_frame004010.jpg,2,High Risk,High
data/Safe/int_video2_frame000378.jpg,0,Safe,Safe
data/High/frame0160_inst_label.png,2,High Risk,High
data/High/yt_video1_frame002330.jpg,2,High Risk,High
data/High/custom_high_risk_rain_0061.jpg,2,High Risk,High
data/Safe/int_video1_frame000091.jpg,0,Safe,Safe
data/High/yt_video2_frame000562.jpg,2,High Risk,High
data/High/91553e0e-1ee5e186.jpg,2,High Risk,High
data/Safe/yt_video1_frame004119.jpg,0,Safe,Safe
data/High/yt_video3_frame003569.jpg,2,High Risk,High
data/Safe/int_video2_frame000536.jpg,0,Safe,Safe
data/Safe/int_video3_frame000317.jpg,0,Safe,Safe
data/Safe/int_video2_frame000471.jpg,0,Safe,Safe
data/High/yt_video2_frame003431.jpg,2,High Risk,High
data/Safe/int_video3_frame001114.jpg,0,Safe,Safe
data/High/yt_video1_frame000152.jpg,2,High Risk,High
data/Safe/yt_video2_frame001332.jpg,0,Safe,Safe
data/Safe/int_video2_frame000347.jpg,0,Safe,Safe
data/High/81ada76e-c725386d.jpg,2,High Risk,High
data/Safe/int_video2_frame000584.jpg,0,Safe,Safe
data/High/a8f71e05-433f6c2f.jpg,2,High Risk,High
data/Safe/int_video1_frame000398.jpg,0,Safe,Safe
data/High/yt_video3_frame012826.jpg,2,High Risk,High
data/Safe/int_video3_frame004924.jpg,0,Safe,Safe
data/High/501242_label.png,2,High Risk,High
data/High/yt_video2_frame001568.jpg,2,High Risk,High
data/High/yt_video2_frame003807.jpg,2,High Risk,High
data/Safe/int_video2_frame000281.jpg,0,Safe,Safe
data/Safe/frame6386_image.jpg,0,Safe,Safe
data/Safe/int_video1_frame000162.jpg,0,Safe,Safe
data/Moderate/yt_video1_frame004483.jpg,1,Moderate Risk,Moderate
data/Safe/int_video2_frame000452.jpg,0,Safe,Safe
data/Safe/int_video2_frame000101.jpg,0,Safe,Safe
data/High/3ac439b9-12633e93.jpg,2,High Risk,High
data/High/5c65550a-e92bd686.jpg,2,High Risk,High
data/Safe/int_video2_frame000389.jpg,0,Safe,Safe
data/High/yt_video3_frame002797.jpg,2,High Risk,High
data/High/680450_image.jpg,2,High Risk,High
data/High/4bb769f4-68eee01e.jpg,2,High Risk,High
data/High/yt_video3_frame005991.jpg,2,High Risk,High
data/Safe/custom_safe_highway_0085.jpg,0,Safe,Safe
data/Safe/frame15891_image.jpg,0,Safe,Safe
data/High/frame107711_image.jpg,2,High Risk,High
data/High/87c8af72-2890021b.jpg,2,High Risk,High
data/Safe/int_video3_frame000481.jpg,0,Safe,Safe
data/Safe/custom_safe_highway_0018.jpg,0,Safe,Safe
data/High/frame2369_inst_label.png,2,High Risk,High
data/High/yt_video2_frame000593.jpg,2,High Risk,High
data/Safe/int_video2_frame000594.jpg,0,Safe,Safe
data/Safe/int_video2_frame000241.jpg,0,Safe,Safe
data/High/yt_video3_frame000459.jpg,2,High Risk,High
data/High/08ba8824-c6a3e2c9.jpg,2,High Risk,High
data/Safe/int_video3_frame000613.jpg,0,Safe,Safe
data/Safe/frame3567_image.jpg,0,Safe,Safe
data/High/custom_safe_highway_0042.jpg,2,High Risk,High
data/High/98f77d3b-68828997.jpg,2,High Risk,High
data/Moderate/int_video3_frame003067.jpg,1,Moderate Risk,Moderate
data/High/yt_video2_frame001006.jpg,2,High Risk,High
data/High/0b35752b-1ebd3944.jpg,2,High Risk,High
data/High/yt_video1_frame000881.jpg,2,High Risk,High
data/High/yt_video1_frame001898.jpg,2,High Risk,High
data/High/frame21717_label.png,2,High Risk,High
data/High/custom_moderate_city_traffic_0090.jpg,2,High Risk,High
data/High/yt_video1_frame000776.jpg,2,High Risk,High
data/Safe/int_video2_frame000415.jpg,0,Safe,Safe
data/High/75390743-58b3c607.jpg,2,High Risk,High
data/Safe/int_video3_frame004699.jpg,0,Safe,Safe
data/High/yt_video1_frame002943.jpg,2,High Risk,High
data/Safe/int_video2_frame000486.jpg,0,Safe,Safe
data/Safe/custom_high_risk_rain_0123.jpg,0,Safe,Safe
data/High/yt_video1_frame003686.jpg,2,High Risk,High
data/High/6c21d127-4a5e6a0d.jpg,2,High Risk,High
data/High/yt_video3_frame009199.jpg,2,High Risk,High
data/High/yt_video1_frame001753.jpg,2,High Risk,High
data/Safe/int_video2_frame000284.jpg,0,Safe,Safe
data/High/custom_high_risk_rain_0091.jpg,2,High Risk,High
data/High/810374_image.jpg,2,High Risk,High
data/Safe/000257_image.jpg,0,Safe,Safe
data/High/int_video3_frame003889.jpg,2,High Risk,High
data/Safe/int_video3_frame004658.jpg,0,Safe,Safe
data/High/yt_video1_frame003783.jpg,2,High Risk,High
data/High/529762d9-24d38428.jpg,2,High Risk,High
data/Safe/int_video2_frame000285.jpg,0,Safe,Safe
data/High/yt_video1_frame002997.jpg,2,High Risk,High
data/High/228330f4-3cd3e5e2.jpg,2,High Risk,High
data/High/yt_video1_frame003820.jpg,2,High Risk,High
data/Safe/int_video1_frame000363.jpg,0,Safe,Safe
data/High/int_video3_frame002419.jpg,2,High Risk,High
data/High/yt_video1_frame001789.jpg,2,High Risk,High
data/Safe/custom_safe_highway_0132.jpg,0,Safe,Safe
data/High/yt_video1_frame001738.jpg,2,High Risk,High
data/High/5b4f46b3-42604b69.jpg,2,High Risk,High
data/High/yt_video1_frame003168.jpg,2,High Risk,High
data/High/custom_safe_highway_0150.jpg,2,High Risk,High
data/Safe/int_video1_frame000281.jpg,0,Safe,Safe
data/High/0d2c8e1d-1cbddd28.jpg,2,High Risk,High
data/Safe/int_video1_frame000198.jpg,0,Safe,Safe
data/Safe/int_video3_frame000075.jpg,0,Safe,Safe
data/High/yt_video2_frame004259.jpg,2,High Risk,High
data/High/27404f90-a1b6ec5b.jpg,2,High Risk,High
data/Safe/int_video3_frame004286.jpg,0,Safe,Safe
data/Safe/frame27137_image.jpg,0,Safe,Safe
data/High/018614_inst_label.png,2,High Risk,High
data/High/94f90305-54102e58.jpg,2,High Risk,High
data/High/943824_image.jpg,2,High Risk,High
data/Safe/int_video2_frame000213.jpg,0,Safe,Safe
data/High/yt_video2_frame003594.jpg,2,High Risk,High
data/Moderate/yt_video3_frame002617.jpg,1,Moderate Risk,Moderate
data/Safe/int_video2_frame000110.jpg,0,Safe,Safe
data/High/yt_video3_frame007148.jpg,2,High Risk,High
data/Safe/int_video2_frame000441.jpg,0,Safe,Safe
data/High/yt_video3_frame011129.jpg,2,High Risk,High
data/Safe/int_video3_frame004843.jpg,0,Safe,Safe
data/High/919647_image.jpg,2,High Risk,High
data/Safe/9ce66bf9-0e2badc1.jpg,0,Safe,Safe
data/High/int_video3_frame002692.jpg,2,High Risk,High
data/Safe/int_video2_frame000274.jpg,0,Safe,Safe
data/High/217a9dbf-956e2503.jpg,2,High Risk,High
data/Moderate/yt_video1_frame001219.jpg,1,Moderate Risk,Moderate
